sigma,points,rho,dv_cm,p_detect,fa_per_window,trials
0.01,8640,0.0,0.02,0.0,0.0,60
0.01,8640,0.0,0.05,0.03333333333333333,0.0,60
0.01,8640,0.0,0.1,0.9833333333333333,0.0,60
0.01,8640,0.0,0.2,1.0,0.0,60
0.01,8640,0.0,0.5,1.0,0.0,60
0.01,8640,0.0,1.0,1.0,0.0,60
0.01,8640,0.0,2.0,1.0,0.0,60
0.01,8640,0.0,5.0,1.0,0.0,60
0.01,8640,0.0,10.0,1.0,0.0,60
0.01,8640,0.0,20.0,1.0,0.0,60
0.01,8640,0.0,50.0,1.0,0.0,60
0.01,8640,0.0,100.0,1.0,0.0,60
0.01,8640,0.5,0.02,0.0,0.0,60
0.01,8640,0.5,0.05,0.06666666666666667,0.0,60
0.01,8640,0.5,0.1,0.9833333333333333,0.0,60
0.01,8640,0.5,0.2,1.0,0.0,60
0.01,8640,0.5,0.5,1.0,0.0,60
0.01,8640,0.5,1.0,1.0,0.0,60
0.01,8640,0.5,2.0,1.0,0.0,60
0.01,8640,0.5,5.0,1.0,0.0,60
0.01,8640,0.5,10.0,1.0,0.0,60
0.01,8640,0.5,20.0,1.0,0.0,60
0.01,8640,0.5,50.0,1.0,0.0,60
0.01,8640,0.5,100.0,1.0,0.0,60
0.01,8640,0.9,0.02,0.0,0.0,60
0.01,8640,0.9,0.05,0.03333333333333333,0.0,60
0.01,8640,0.9,0.1,0.9833333333333333,0.0,60
0.01,8640,0.9,0.2,1.0,0.0,60
0.01,8640,0.9,0.5,1.0,0.0,60
0.01,8640,0.9,1.0,1.0,0.0,60
0.01,8640,0.9,2.0,1.0,0.0,60
0.01,8640,0.9,5.0,1.0,0.0,60
0.01,8640,0.9,10.0,1.0,0.0,60
0.01,8640,0.9,20.0,1.0,0.0,60
0.01,8640,0.9,50.0,1.0,0.0,60
0.01,8640,0.9,100.0,1.0,0.0,60
0.01,8640,0.95,0.02,0.0,0.0,60
0.01,8640,0.95,0.05,0.06666666666666667,0.0,60
0.01,8640,0.95,0.1,1.0,0.0,60
0.01,8640,0.95,0.2,1.0,0.0,60
0.01,8640,0.95,0.5,1.0,0.0,60
0.01,8640,0.95,1.0,1.0,0.0,60
0.01,8640,0.95,2.0,1.0,0.0,60
0.01,8640,0.95,5.0,1.0,0.0,60
0.01,8640,0.95,10.0,1.0,0.0,60
0.01,8640,0.95,20.0,1.0,0.0,60
0.01,8640,0.95,50.0,1.0,0.0,60
0.01,8640,0.95,100.0,1.0,0.0,60
0.01,1440,0.0,0.02,0.0,0.15,60
0.01,1440,0.0,0.05,0.0,0.15,60
0.01,1440,0.0,0.1,0.5166666666666667,0.15,60
0.01,1440,0.0,0.2,1.0,0.15,60
0.01,1440,0.0,0.5,1.0,0.15,60
0.01,1440,0.0,1.0,1.0,0.15,60
0.01,1440,0.0,2.0,1.0,0.15,60
0.01,1440,0.0,5.0,1.0,0.15,60
0.01,1440,0.0,10.0,1.0,0.15,60
0.01,1440,0.0,20.0,1.0,0.15,60
0.01,1440,0.0,50.0,1.0,0.15,60
0.01,1440,0.0,100.0,1.0,0.15,60
0.01,1440,0.5,0.02,0.0,0.3333333333333333,60
0.01,1440,0.5,0.05,0.016666666666666666,0.3333333333333333,60
0.01,1440,0.5,0.1,0.4666666666666667,0.3333333333333333,60
0.01,1440,0.5,0.2,1.0,0.3333333333333333,60
0.01,1440,0.5,0.5,1.0,0.3333333333333333,60
0.01,1440,0.5,1.0,1.0,0.3333333333333333,60
0.01,1440,0.5,2.0,1.0,0.3333333333333333,60
0.01,1440,0.5,5.0,1.0,0.3333333333333333,60
0.01,1440,0.5,10.0,1.0,0.3333333333333333,60
0.01,1440,0.5,20.0,1.0,0.3333333333333333,60
0.01,1440,0.5,50.0,1.0,0.3333333333333333,60
0.01,1440,0.5,100.0,1.0,0.3333333333333333,60
0.01,1440,0.9,0.02,0.0,0.05,60
0.01,1440,0.9,0.05,0.0,0.05,60
0.01,1440,0.9,0.1,0.45,0.05,60
0.01,1440,0.9,0.2,1.0,0.05,60
0.01,1440,0.9,0.5,1.0,0.05,60
0.01,1440,0.9,1.0,1.0,0.05,60
0.01,1440,0.9,2.0,1.0,0.05,60
0.01,1440,0.9,5.0,1.0,0.05,60
0.01,1440,0.9,10.0,1.0,0.05,60
0.01,1440,0.9,20.0,1.0,0.05,60
0.01,1440,0.9,50.0,1.0,0.05,60
0.01,1440,0.9,100.0,1.0,0.05,60
0.01,1440,0.95,0.02,0.0,0.31666666666666665,60
0.01,1440,0.95,0.05,0.0,0.31666666666666665,60
0.01,1440,0.95,0.1,0.5166666666666667,0.31666666666666665,60
0.01,1440,0.95,0.2,1.0,0.31666666666666665,60
0.01,1440,0.95,0.5,1.0,0.31666666666666665,60
0.01,1440,0.95,1.0,1.0,0.31666666666666665,60
0.01,1440,0.95,2.0,1.0,0.31666666666666665,60
0.01,1440,0.95,5.0,1.0,0.31666666666666665,60
0.01,1440,0.95,10.0,1.0,0.31666666666666665,60
0.01,1440,0.95,20.0,1.0,0.31666666666666665,60
0.01,1440,0.95,50.0,1.0,0.31666666666666665,60
0.01,1440,0.95,100.0,1.0,0.31666666666666665,60
0.01,144,0.0,0.02,0.0,0.016666666666666666,60
0.01,144,0.0,0.05,0.0,0.016666666666666666,60
0.01,144,0.0,0.1,0.0,0.016666666666666666,60
0.01,144,0.0,0.2,0.0,0.016666666666666666,60
0.01,144,0.0,0.5,0.0,0.016666666666666666,60
0.01,144,0.0,1.0,0.7833333333333333,0.016666666666666666,60
0.01,144,0.0,2.0,1.0,0.016666666666666666,60
0.01,144,0.0,5.0,1.0,0.016666666666666666,60
0.01,144,0.0,10.0,1.0,0.016666666666666666,60
0.01,144,0.0,20.0,1.0,0.016666666666666666,60
0.01,144,0.0,50.0,1.0,0.016666666666666666,60
0.01,144,0.0,100.0,1.0,0.016666666666666666,60
0.01,144,0.5,0.02,0.0,0.016666666666666666,60
0.01,144,0.5,0.05,0.0,0.016666666666666666,60
0.01,144,0.5,0.1,0.0,0.016666666666666666,60
0.01,144,0.5,0.2,0.0,0.016666666666666666,60
0.01,144,0.5,0.5,0.0,0.016666666666666666,60
0.01,144,0.5,1.0,0.7833333333333333,0.016666666666666666,60
0.01,144,0.5,2.0,1.0,0.016666666666666666,60
0.01,144,0.5,5.0,1.0,0.016666666666666666,60
0.01,144,0.5,10.0,1.0,0.016666666666666666,60
0.01,144,0.5,20.0,1.0,0.016666666666666666,60
0.01,144,0.5,50.0,1.0,0.016666666666666666,60
0.01,144,0.5,100.0,1.0,0.016666666666666666,60
0.01,144,0.9,0.02,0.0,0.0,60
0.01,144,0.9,0.05,0.0,0.0,60
0.01,144,0.9,0.1,0.0,0.0,60
0.01,144,0.9,0.2,0.0,0.0,60
0.01,144,0.9,0.5,0.0,0.0,60
0.01,144,0.9,1.0,0.7333333333333333,0.0,60
0.01,144,0.9,2.0,1.0,0.0,60
0.01,144,0.9,5.0,1.0,0.0,60
0.01,144,0.9,10.0,1.0,0.0,60
0.01,144,0.9,20.0,1.0,0.0,60
0.01,144,0.9,50.0,1.0,0.0,60
0.01,144,0.9,100.0,1.0,0.0,60
0.01,144,0.95,0.02,0.0,0.016666666666666666,60
0.01,144,0.95,0.05,0.0,0.016666666666666666,60
0.01,144,0.95,0.1,0.0,0.016666666666666666,60
0.01,144,0.95,0.2,0.0,0.016666666666666666,60
0.01,144,0.95,0.5,0.0,0.016666666666666666,60
0.01,144,0.95,1.0,0.7166666666666667,0.016666666666666666,60
0.01,144,0.95,2.0,1.0,0.016666666666666666,60
0.01,144,0.95,5.0,1.0,0.016666666666666666,60
0.01,144,0.95,10.0,1.0,0.016666666666666666,60
0.01,144,0.95,20.0,1.0,0.016666666666666666,60
0.01,144,0.95,50.0,1.0,0.016666666666666666,60
0.01,144,0.95,100.0,1.0,0.016666666666666666,60
0.01,24,0.0,0.02,0.0,0.0,60
0.01,24,0.0,0.05,0.0,0.0,60
0.01,24,0.0,0.1,0.0,0.0,60
0.01,24,0.0,0.2,0.0,0.0,60
0.01,24,0.0,0.5,0.0,0.0,60
0.01,24,0.0,1.0,0.0,0.0,60
0.01,24,0.0,2.0,0.0,0.0,60
0.01,24,0.0,5.0,0.0,0.0,60
0.01,24,0.0,10.0,0.0,0.0,60
0.01,24,0.0,20.0,0.9833333333333333,0.0,60
0.01,24,0.0,50.0,1.0,0.0,60
0.01,24,0.0,100.0,1.0,0.0,60
0.01,24,0.5,0.02,0.0,0.0,60
0.01,24,0.5,0.05,0.0,0.0,60
0.01,24,0.5,0.1,0.0,0.0,60
0.01,24,0.5,0.2,0.0,0.0,60
0.01,24,0.5,0.5,0.0,0.0,60
0.01,24,0.5,1.0,0.0,0.0,60
0.01,24,0.5,2.0,0.0,0.0,60
0.01,24,0.5,5.0,0.0,0.0,60
0.01,24,0.5,10.0,0.0,0.0,60
0.01,24,0.5,20.0,1.0,0.0,60
0.01,24,0.5,50.0,1.0,0.0,60
0.01,24,0.5,100.0,1.0,0.0,60
0.01,24,0.9,0.02,0.0,0.0,60
0.01,24,0.9,0.05,0.0,0.0,60
0.01,24,0.9,0.1,0.0,0.0,60
0.01,24,0.9,0.2,0.0,0.0,60
0.01,24,0.9,0.5,0.0,0.0,60
0.01,24,0.9,1.0,0.0,0.0,60
0.01,24,0.9,2.0,0.0,0.0,60
0.01,24,0.9,5.0,0.0,0.0,60
0.01,24,0.9,10.0,0.0,0.0,60
0.01,24,0.9,20.0,1.0,0.0,60
0.01,24,0.9,50.0,1.0,0.0,60
0.01,24,0.9,100.0,1.0,0.0,60
0.01,24,0.95,0.02,0.0,0.0,60
0.01,24,0.95,0.05,0.0,0.0,60
0.01,24,0.95,0.1,0.0,0.0,60
0.01,24,0.95,0.2,0.0,0.0,60
0.01,24,0.95,0.5,0.0,0.0,60
0.01,24,0.95,1.0,0.0,0.0,60
0.01,24,0.95,2.0,0.0,0.0,60
0.01,24,0.95,5.0,0.0,0.0,60
0.01,24,0.95,10.0,0.0,0.0,60
0.01,24,0.95,20.0,0.9833333333333333,0.0,60
0.01,24,0.95,50.0,1.0,0.0,60
0.01,24,0.95,100.0,1.0,0.0,60
0.01,4,0.0,0.02,0.0,0.0,60
0.01,4,0.0,0.05,0.0,0.0,60
0.01,4,0.0,0.1,0.0,0.0,60
0.01,4,0.0,0.2,0.0,0.0,60
0.01,4,0.0,0.5,0.0,0.0,60
0.01,4,0.0,1.0,0.0,0.0,60
0.01,4,0.0,2.0,0.0,0.0,60
0.01,4,0.0,5.0,0.0,0.0,60
0.01,4,0.0,10.0,0.18333333333333332,0.0,60
0.01,4,0.0,20.0,0.8333333333333334,0.0,60
0.01,4,0.0,50.0,1.0,0.0,60
0.01,4,0.0,100.0,1.0,0.0,60
0.01,4,0.5,0.02,0.0,0.0,60
0.01,4,0.5,0.05,0.0,0.0,60
0.01,4,0.5,0.1,0.0,0.0,60
0.01,4,0.5,0.2,0.0,0.0,60
0.01,4,0.5,0.5,0.0,0.0,60
0.01,4,0.5,1.0,0.0,0.0,60
0.01,4,0.5,2.0,0.0,0.0,60
0.01,4,0.5,5.0,0.0,0.0,60
0.01,4,0.5,10.0,0.08333333333333333,0.0,60
0.01,4,0.5,20.0,0.9666666666666667,0.0,60
0.01,4,0.5,50.0,1.0,0.0,60
0.01,4,0.5,100.0,1.0,0.0,60
0.01,4,0.9,0.02,0.0,0.0,60
0.01,4,0.9,0.05,0.0,0.0,60
0.01,4,0.9,0.1,0.0,0.0,60
0.01,4,0.9,0.2,0.0,0.0,60
0.01,4,0.9,0.5,0.0,0.0,60
0.01,4,0.9,1.0,0.0,0.0,60
0.01,4,0.9,2.0,0.0,0.0,60
0.01,4,0.9,5.0,0.0,0.0,60
0.01,4,0.9,10.0,0.06666666666666667,0.0,60
0.01,4,0.9,20.0,0.9166666666666666,0.0,60
0.01,4,0.9,50.0,1.0,0.0,60
0.01,4,0.9,100.0,1.0,0.0,60
0.01,4,0.95,0.02,0.0,0.0,60
0.01,4,0.95,0.05,0.0,0.0,60
0.01,4,0.95,0.1,0.0,0.0,60
0.01,4,0.95,0.2,0.0,0.0,60
0.01,4,0.95,0.5,0.0,0.0,60
0.01,4,0.95,1.0,0.0,0.0,60
0.01,4,0.95,2.0,0.0,0.0,60
0.01,4,0.95,5.0,0.0,0.0,60
0.01,4,0.95,10.0,0.11666666666666667,0.0,60
0.01,4,0.95,20.0,0.9166666666666666,0.0,60
0.01,4,0.95,50.0,1.0,0.0,60
0.01,4,0.95,100.0,1.0,0.0,60
0.01,2,0.0,0.02,0.0,0.0,60
0.01,2,0.0,0.05,0.0,0.0,60
0.01,2,0.0,0.1,0.0,0.0,60
0.01,2,0.0,0.2,0.0,0.0,60
0.01,2,0.0,0.5,0.0,0.0,60
0.01,2,0.0,1.0,0.0,0.0,60
0.01,2,0.0,2.0,0.0,0.0,60
0.01,2,0.0,5.0,0.0,0.0,60
0.01,2,0.0,10.0,0.13333333333333333,0.0,60
0.01,2,0.0,20.0,0.8666666666666667,0.0,60
0.01,2,0.0,50.0,1.0,0.0,60
0.01,2,0.0,100.0,1.0,0.0,60
0.01,2,0.5,0.02,0.0,0.0,60
0.01,2,0.5,0.05,0.0,0.0,60
0.01,2,0.5,0.1,0.0,0.0,60
0.01,2,0.5,0.2,0.0,0.0,60
0.01,2,0.5,0.5,0.0,0.0,60
0.01,2,0.5,1.0,0.0,0.0,60
0.01,2,0.5,2.0,0.0,0.0,60
0.01,2,0.5,5.0,0.0,0.0,60
0.01,2,0.5,10.0,0.08333333333333333,0.0,60
0.01,2,0.5,20.0,0.5833333333333334,0.0,60
0.01,2,0.5,50.0,1.0,0.0,60
0.01,2,0.5,100.0,1.0,0.0,60
0.01,2,0.9,0.02,0.0,0.0,60
0.01,2,0.9,0.05,0.0,0.0,60
0.01,2,0.9,0.1,0.0,0.0,60
0.01,2,0.9,0.2,0.0,0.0,60
0.01,2,0.9,0.5,0.0,0.0,60
0.01,2,0.9,1.0,0.0,0.0,60
0.01,2,0.9,2.0,0.0,0.0,60
0.01,2,0.9,5.0,0.0,0.0,60
0.01,2,0.9,10.0,0.05,0.0,60
0.01,2,0.9,20.0,0.7,0.0,60
0.01,2,0.9,50.0,1.0,0.0,60
0.01,2,0.9,100.0,1.0,0.0,60
0.01,2,0.95,0.02,0.016666666666666666,0.03333333333333333,60
0.01,2,0.95,0.05,0.016666666666666666,0.03333333333333333,60
0.01,2,0.95,0.1,0.016666666666666666,0.03333333333333333,60
0.01,2,0.95,0.2,0.016666666666666666,0.03333333333333333,60
0.01,2,0.95,0.5,0.0,0.03333333333333333,60
0.01,2,0.95,1.0,0.0,0.03333333333333333,60
0.01,2,0.95,2.0,0.0,0.03333333333333333,60
0.01,2,0.95,5.0,0.016666666666666666,0.03333333333333333,60
0.01,2,0.95,10.0,0.1,0.03333333333333333,60
0.01,2,0.95,20.0,0.65,0.03333333333333333,60
0.01,2,0.95,50.0,1.0,0.03333333333333333,60
0.01,2,0.95,100.0,1.0,0.03333333333333333,60
0.01,1,0.0,0.02,0.016666666666666666,0.03333333333333333,60
0.01,1,0.0,0.05,0.016666666666666666,0.03333333333333333,60
0.01,1,0.0,0.1,0.016666666666666666,0.03333333333333333,60
0.01,1,0.0,0.2,0.016666666666666666,0.03333333333333333,60
0.01,1,0.0,0.5,0.016666666666666666,0.03333333333333333,60
0.01,1,0.0,1.0,0.016666666666666666,0.03333333333333333,60
0.01,1,0.0,2.0,0.016666666666666666,0.03333333333333333,60
0.01,1,0.0,5.0,0.0,0.03333333333333333,60
0.01,1,0.0,10.0,0.0,0.03333333333333333,60
0.01,1,0.0,20.0,0.26666666666666666,0.03333333333333333,60
0.01,1,0.0,50.0,0.9833333333333333,0.03333333333333333,60
0.01,1,0.0,100.0,1.0,0.03333333333333333,60
0.01,1,0.5,0.02,0.03333333333333333,0.08333333333333333,60
0.01,1,0.5,0.05,0.03333333333333333,0.08333333333333333,60
0.01,1,0.5,0.1,0.03333333333333333,0.08333333333333333,60
0.01,1,0.5,0.2,0.03333333333333333,0.08333333333333333,60
0.01,1,0.5,0.5,0.03333333333333333,0.08333333333333333,60
0.01,1,0.5,1.0,0.016666666666666666,0.08333333333333333,60
0.01,1,0.5,2.0,0.0,0.08333333333333333,60
0.01,1,0.5,5.0,0.03333333333333333,0.08333333333333333,60
0.01,1,0.5,10.0,0.08333333333333333,0.08333333333333333,60
0.01,1,0.5,20.0,0.4166666666666667,0.08333333333333333,60
0.01,1,0.5,50.0,0.9333333333333333,0.08333333333333333,60
0.01,1,0.5,100.0,1.0,0.08333333333333333,60
0.01,1,0.9,0.02,0.016666666666666666,0.03333333333333333,60
0.01,1,0.9,0.05,0.0,0.03333333333333333,60
0.01,1,0.9,0.1,0.0,0.03333333333333333,60
0.01,1,0.9,0.2,0.0,0.03333333333333333,60
0.01,1,0.9,0.5,0.0,0.03333333333333333,60
0.01,1,0.9,1.0,0.0,0.03333333333333333,60
0.01,1,0.9,2.0,0.0,0.03333333333333333,60
0.01,1,0.9,5.0,0.0,0.03333333333333333,60
0.01,1,0.9,10.0,0.03333333333333333,0.03333333333333333,60
0.01,1,0.9,20.0,0.3333333333333333,0.03333333333333333,60
0.01,1,0.9,50.0,0.9833333333333333,0.03333333333333333,60
0.01,1,0.9,100.0,1.0,0.03333333333333333,60
0.01,1,0.95,0.02,0.0,0.0,60
0.01,1,0.95,0.05,0.0,0.0,60
0.01,1,0.95,0.1,0.0,0.0,60
0.01,1,0.95,0.2,0.0,0.0,60
0.01,1,0.95,0.5,0.0,0.0,60
0.01,1,0.95,1.0,0.0,0.0,60
0.01,1,0.95,2.0,0.0,0.0,60
0.01,1,0.95,5.0,0.0,0.0,60
0.01,1,0.95,10.0,0.06666666666666667,0.0,60
0.01,1,0.95,20.0,0.48333333333333334,0.0,60
0.01,1,0.95,50.0,0.9833333333333333,0.0,60
0.01,1,0.95,100.0,1.0,0.0,60
0.03,8640,0.0,0.02,0.0,0.0,60
0.03,8640,0.0,0.05,0.06666666666666667,0.0,60
0.03,8640,0.0,0.1,0.9833333333333333,0.0,60
0.03,8640,0.0,0.2,1.0,0.0,60
0.03,8640,0.0,0.5,1.0,0.0,60
0.03,8640,0.0,1.0,1.0,0.0,60
0.03,8640,0.0,2.0,1.0,0.0,60
0.03,8640,0.0,5.0,1.0,0.0,60
0.03,8640,0.0,10.0,1.0,0.0,60
0.03,8640,0.0,20.0,1.0,0.0,60
0.03,8640,0.0,50.0,1.0,0.0,60
0.03,8640,0.0,100.0,1.0,0.0,60
0.03,8640,0.5,0.02,0.0,0.0,60
0.03,8640,0.5,0.05,0.03333333333333333,0.0,60
0.03,8640,0.5,0.1,0.9833333333333333,0.0,60
0.03,8640,0.5,0.2,1.0,0.0,60
0.03,8640,0.5,0.5,1.0,0.0,60
0.03,8640,0.5,1.0,1.0,0.0,60
0.03,8640,0.5,2.0,1.0,0.0,60
0.03,8640,0.5,5.0,1.0,0.0,60
0.03,8640,0.5,10.0,1.0,0.0,60
0.03,8640,0.5,20.0,1.0,0.0,60
0.03,8640,0.5,50.0,1.0,0.0,60
0.03,8640,0.5,100.0,1.0,0.0,60
0.03,8640,0.9,0.02,0.0,0.0,60
0.03,8640,0.9,0.05,0.05,0.0,60
0.03,8640,0.9,0.1,0.9833333333333333,0.0,60
0.03,8640,0.9,0.2,1.0,0.0,60
0.03,8640,0.9,0.5,1.0,0.0,60
0.03,8640,0.9,1.0,1.0,0.0,60
0.03,8640,0.9,2.0,1.0,0.0,60
0.03,8640,0.9,5.0,1.0,0.0,60
0.03,8640,0.9,10.0,1.0,0.0,60
0.03,8640,0.9,20.0,1.0,0.0,60
0.03,8640,0.9,50.0,1.0,0.0,60
0.03,8640,0.9,100.0,1.0,0.0,60
0.03,8640,0.95,0.02,0.0,0.0,60
0.03,8640,0.95,0.05,0.03333333333333333,0.0,60
0.03,8640,0.95,0.1,1.0,0.0,60
0.03,8640,0.95,0.2,1.0,0.0,60
0.03,8640,0.95,0.5,1.0,0.0,60
0.03,8640,0.95,1.0,1.0,0.0,60
0.03,8640,0.95,2.0,1.0,0.0,60
0.03,8640,0.95,5.0,1.0,0.0,60
0.03,8640,0.95,10.0,1.0,0.0,60
0.03,8640,0.95,20.0,1.0,0.0,60
0.03,8640,0.95,50.0,1.0,0.0,60
0.03,8640,0.95,100.0,1.0,0.0,60
0.03,1440,0.0,0.02,0.0,0.08333333333333333,60
0.03,1440,0.0,0.05,0.016666666666666666,0.08333333333333333,60
0.03,1440,0.0,0.1,0.5666666666666667,0.08333333333333333,60
0.03,1440,0.0,0.2,1.0,0.08333333333333333,60
0.03,1440,0.0,0.5,1.0,0.08333333333333333,60
0.03,1440,0.0,1.0,1.0,0.08333333333333333,60
0.03,1440,0.0,2.0,1.0,0.08333333333333333,60
0.03,1440,0.0,5.0,1.0,0.08333333333333333,60
0.03,1440,0.0,10.0,1.0,0.08333333333333333,60
0.03,1440,0.0,20.0,1.0,0.08333333333333333,60
0.03,1440,0.0,50.0,1.0,0.08333333333333333,60
0.03,1440,0.0,100.0,1.0,0.08333333333333333,60
0.03,1440,0.5,0.02,0.0,0.18333333333333332,60
0.03,1440,0.5,0.05,0.0,0.18333333333333332,60
0.03,1440,0.5,0.1,0.5,0.18333333333333332,60
0.03,1440,0.5,0.2,1.0,0.18333333333333332,60
0.03,1440,0.5,0.5,1.0,0.18333333333333332,60
0.03,1440,0.5,1.0,1.0,0.18333333333333332,60
0.03,1440,0.5,2.0,1.0,0.18333333333333332,60
0.03,1440,0.5,5.0,1.0,0.18333333333333332,60
0.03,1440,0.5,10.0,1.0,0.18333333333333332,60
0.03,1440,0.5,20.0,1.0,0.18333333333333332,60
0.03,1440,0.5,50.0,1.0,0.18333333333333332,60
0.03,1440,0.5,100.0,1.0,0.18333333333333332,60
0.03,1440,0.9,0.02,0.0,0.03333333333333333,60
0.03,1440,0.9,0.05,0.016666666666666666,0.03333333333333333,60
0.03,1440,0.9,0.1,0.5166666666666667,0.03333333333333333,60
0.03,1440,0.9,0.2,1.0,0.03333333333333333,60
0.03,1440,0.9,0.5,1.0,0.03333333333333333,60
0.03,1440,0.9,1.0,1.0,0.03333333333333333,60
0.03,1440,0.9,2.0,1.0,0.03333333333333333,60
0.03,1440,0.9,5.0,1.0,0.03333333333333333,60
0.03,1440,0.9,10.0,1.0,0.03333333333333333,60
0.03,1440,0.9,20.0,1.0,0.03333333333333333,60
0.03,1440,0.9,50.0,1.0,0.03333333333333333,60
0.03,1440,0.9,100.0,1.0,0.03333333333333333,60
0.03,1440,0.95,0.02,0.0,0.05,60
0.03,1440,0.95,0.05,0.0,0.05,60
0.03,1440,0.95,0.1,0.4666666666666667,0.05,60
0.03,1440,0.95,0.2,1.0,0.05,60
0.03,1440,0.95,0.5,1.0,0.05,60
0.03,1440,0.95,1.0,1.0,0.05,60
0.03,1440,0.95,2.0,1.0,0.05,60
0.03,1440,0.95,5.0,1.0,0.05,60
0.03,1440,0.95,10.0,1.0,0.05,60
0.03,1440,0.95,20.0,1.0,0.05,60
0.03,1440,0.95,50.0,1.0,0.05,60
0.03,1440,0.95,100.0,1.0,0.05,60
0.03,144,0.0,0.02,0.0,0.016666666666666666,60
0.03,144,0.0,0.05,0.0,0.016666666666666666,60
0.03,144,0.0,0.1,0.0,0.016666666666666666,60
0.03,144,0.0,0.2,0.0,0.016666666666666666,60
0.03,144,0.0,0.5,0.0,0.016666666666666666,60
0.03,144,0.0,1.0,0.7666666666666667,0.016666666666666666,60
0.03,144,0.0,2.0,1.0,0.016666666666666666,60
0.03,144,0.0,5.0,1.0,0.016666666666666666,60
0.03,144,0.0,10.0,1.0,0.016666666666666666,60
0.03,144,0.0,20.0,1.0,0.016666666666666666,60
0.03,144,0.0,50.0,1.0,0.016666666666666666,60
0.03,144,0.0,100.0,1.0,0.016666666666666666,60
0.03,144,0.5,0.02,0.0,0.03333333333333333,60
0.03,144,0.5,0.05,0.0,0.03333333333333333,60
0.03,144,0.5,0.1,0.0,0.03333333333333333,60
0.03,144,0.5,0.2,0.0,0.03333333333333333,60
0.03,144,0.5,0.5,0.0,0.03333333333333333,60
0.03,144,0.5,1.0,0.7166666666666667,0.03333333333333333,60
0.03,144,0.5,2.0,1.0,0.03333333333333333,60
0.03,144,0.5,5.0,1.0,0.03333333333333333,60
0.03,144,0.5,10.0,1.0,0.03333333333333333,60
0.03,144,0.5,20.0,1.0,0.03333333333333333,60
0.03,144,0.5,50.0,1.0,0.03333333333333333,60
0.03,144,0.5,100.0,1.0,0.03333333333333333,60
0.03,144,0.9,0.02,0.0,0.0,60
0.03,144,0.9,0.05,0.0,0.0,60
0.03,144,0.9,0.1,0.0,0.0,60
0.03,144,0.9,0.2,0.0,0.0,60
0.03,144,0.9,0.5,0.0,0.0,60
0.03,144,0.9,1.0,0.7333333333333333,0.0,60
0.03,144,0.9,2.0,1.0,0.0,60
0.03,144,0.9,5.0,1.0,0.0,60
0.03,144,0.9,10.0,1.0,0.0,60
0.03,144,0.9,20.0,1.0,0.0,60
0.03,144,0.9,50.0,1.0,0.0,60
0.03,144,0.9,100.0,1.0,0.0,60
0.03,144,0.95,0.02,0.0,0.016666666666666666,60
0.03,144,0.95,0.05,0.0,0.016666666666666666,60
0.03,144,0.95,0.1,0.0,0.016666666666666666,60
0.03,144,0.95,0.2,0.0,0.016666666666666666,60
0.03,144,0.95,0.5,0.0,0.016666666666666666,60
0.03,144,0.95,1.0,0.7833333333333333,0.016666666666666666,60
0.03,144,0.95,2.0,1.0,0.016666666666666666,60
0.03,144,0.95,5.0,1.0,0.016666666666666666,60
0.03,144,0.95,10.0,1.0,0.016666666666666666,60
0.03,144,0.95,20.0,1.0,0.016666666666666666,60
0.03,144,0.95,50.0,1.0,0.016666666666666666,60
0.03,144,0.95,100.0,1.0,0.016666666666666666,60
0.03,24,0.0,0.02,0.0,0.0,60
0.03,24,0.0,0.05,0.0,0.0,60
0.03,24,0.0,0.1,0.0,0.0,60
0.03,24,0.0,0.2,0.0,0.0,60
0.03,24,0.0,0.5,0.0,0.0,60
0.03,24,0.0,1.0,0.0,0.0,60
0.03,24,0.0,2.0,0.0,0.0,60
0.03,24,0.0,5.0,0.0,0.0,60
0.03,24,0.0,10.0,0.016666666666666666,0.0,60
0.03,24,0.0,20.0,1.0,0.0,60
0.03,24,0.0,50.0,1.0,0.0,60
0.03,24,0.0,100.0,1.0,0.0,60
0.03,24,0.5,0.02,0.0,0.0,60
0.03,24,0.5,0.05,0.0,0.0,60
0.03,24,0.5,0.1,0.0,0.0,60
0.03,24,0.5,0.2,0.0,0.0,60
0.03,24,0.5,0.5,0.0,0.0,60
0.03,24,0.5,1.0,0.0,0.0,60
0.03,24,0.5,2.0,0.0,0.0,60
0.03,24,0.5,5.0,0.0,0.0,60
0.03,24,0.5,10.0,0.0,0.0,60
0.03,24,0.5,20.0,0.9666666666666667,0.0,60
0.03,24,0.5,50.0,1.0,0.0,60
0.03,24,0.5,100.0,1.0,0.0,60
0.03,24,0.9,0.02,0.0,0.0,60
0.03,24,0.9,0.05,0.0,0.0,60
0.03,24,0.9,0.1,0.0,0.0,60
0.03,24,0.9,0.2,0.0,0.0,60
0.03,24,0.9,0.5,0.0,0.0,60
0.03,24,0.9,1.0,0.0,0.0,60
0.03,24,0.9,2.0,0.0,0.0,60
0.03,24,0.9,5.0,0.0,0.0,60
0.03,24,0.9,10.0,0.0,0.0,60
0.03,24,0.9,20.0,1.0,0.0,60
0.03,24,0.9,50.0,1.0,0.0,60
0.03,24,0.9,100.0,1.0,0.0,60
0.03,24,0.95,0.02,0.0,0.0,60
0.03,24,0.95,0.05,0.0,0.0,60
0.03,24,0.95,0.1,0.0,0.0,60
0.03,24,0.95,0.2,0.0,0.0,60
0.03,24,0.95,0.5,0.0,0.0,60
0.03,24,0.95,1.0,0.0,0.0,60
0.03,24,0.95,2.0,0.0,0.0,60
0.03,24,0.95,5.0,0.0,0.0,60
0.03,24,0.95,10.0,0.0,0.0,60
0.03,24,0.95,20.0,1.0,0.0,60
0.03,24,0.95,50.0,1.0,0.0,60
0.03,24,0.95,100.0,1.0,0.0,60
0.03,4,0.0,0.02,0.0,0.0,60
0.03,4,0.0,0.05,0.0,0.0,60
0.03,4,0.0,0.1,0.0,0.0,60
0.03,4,0.0,0.2,0.0,0.0,60
0.03,4,0.0,0.5,0.0,0.0,60
0.03,4,0.0,1.0,0.0,0.0,60
0.03,4,0.0,2.0,0.0,0.0,60
0.03,4,0.0,5.0,0.0,0.0,60
0.03,4,0.0,10.0,0.13333333333333333,0.0,60
0.03,4,0.0,20.0,0.9,0.0,60
0.03,4,0.0,50.0,1.0,0.0,60
0.03,4,0.0,100.0,1.0,0.0,60
0.03,4,0.5,0.02,0.0,0.0,60
0.03,4,0.5,0.05,0.0,0.0,60
0.03,4,0.5,0.1,0.0,0.0,60
0.03,4,0.5,0.2,0.0,0.0,60
0.03,4,0.5,0.5,0.0,0.0,60
0.03,4,0.5,1.0,0.0,0.0,60
0.03,4,0.5,2.0,0.0,0.0,60
0.03,4,0.5,5.0,0.0,0.0,60
0.03,4,0.5,10.0,0.13333333333333333,0.0,60
0.03,4,0.5,20.0,0.9,0.0,60
0.03,4,0.5,50.0,1.0,0.0,60
0.03,4,0.5,100.0,1.0,0.0,60
0.03,4,0.9,0.02,0.0,0.0,60
0.03,4,0.9,0.05,0.0,0.0,60
0.03,4,0.9,0.1,0.0,0.0,60
0.03,4,0.9,0.2,0.0,0.0,60
0.03,4,0.9,0.5,0.0,0.0,60
0.03,4,0.9,1.0,0.0,0.0,60
0.03,4,0.9,2.0,0.0,0.0,60
0.03,4,0.9,5.0,0.0,0.0,60
0.03,4,0.9,10.0,0.16666666666666666,0.0,60
0.03,4,0.9,20.0,0.85,0.0,60
0.03,4,0.9,50.0,1.0,0.0,60
0.03,4,0.9,100.0,1.0,0.0,60
0.03,4,0.95,0.02,0.0,0.0,60
0.03,4,0.95,0.05,0.0,0.0,60
0.03,4,0.95,0.1,0.0,0.0,60
0.03,4,0.95,0.2,0.0,0.0,60
0.03,4,0.95,0.5,0.0,0.0,60
0.03,4,0.95,1.0,0.0,0.0,60
0.03,4,0.95,2.0,0.0,0.0,60
0.03,4,0.95,5.0,0.0,0.0,60
0.03,4,0.95,10.0,0.16666666666666666,0.0,60
0.03,4,0.95,20.0,0.8666666666666667,0.0,60
0.03,4,0.95,50.0,1.0,0.0,60
0.03,4,0.95,100.0,1.0,0.0,60
0.03,2,0.0,0.02,0.016666666666666666,0.03333333333333333,60
0.03,2,0.0,0.05,0.016666666666666666,0.03333333333333333,60
0.03,2,0.0,0.1,0.016666666666666666,0.03333333333333333,60
0.03,2,0.0,0.2,0.016666666666666666,0.03333333333333333,60
0.03,2,0.0,0.5,0.016666666666666666,0.03333333333333333,60
0.03,2,0.0,1.0,0.016666666666666666,0.03333333333333333,60
0.03,2,0.0,2.0,0.016666666666666666,0.03333333333333333,60
0.03,2,0.0,5.0,0.016666666666666666,0.03333333333333333,60
0.03,2,0.0,10.0,0.08333333333333333,0.03333333333333333,60
0.03,2,0.0,20.0,0.6,0.03333333333333333,60
0.03,2,0.0,50.0,1.0,0.03333333333333333,60
0.03,2,0.0,100.0,1.0,0.03333333333333333,60
0.03,2,0.5,0.02,0.0,0.0,60
0.03,2,0.5,0.05,0.0,0.0,60
0.03,2,0.5,0.1,0.0,0.0,60
0.03,2,0.5,0.2,0.0,0.0,60
0.03,2,0.5,0.5,0.0,0.0,60
0.03,2,0.5,1.0,0.0,0.0,60
0.03,2,0.5,2.0,0.0,0.0,60
0.03,2,0.5,5.0,0.016666666666666666,0.0,60
0.03,2,0.5,10.0,0.08333333333333333,0.0,60
0.03,2,0.5,20.0,0.7,0.0,60
0.03,2,0.5,50.0,1.0,0.0,60
0.03,2,0.5,100.0,1.0,0.0,60
0.03,2,0.9,0.02,0.0,0.0,60
0.03,2,0.9,0.05,0.0,0.0,60
0.03,2,0.9,0.1,0.0,0.0,60
0.03,2,0.9,0.2,0.0,0.0,60
0.03,2,0.9,0.5,0.0,0.0,60
0.03,2,0.9,1.0,0.0,0.0,60
0.03,2,0.9,2.0,0.0,0.0,60
0.03,2,0.9,5.0,0.016666666666666666,0.0,60
0.03,2,0.9,10.0,0.16666666666666666,0.0,60
0.03,2,0.9,20.0,0.6833333333333333,0.0,60
0.03,2,0.9,50.0,1.0,0.0,60
0.03,2,0.9,100.0,1.0,0.0,60
0.03,2,0.95,0.02,0.0,0.0,60
0.03,2,0.95,0.05,0.0,0.0,60
0.03,2,0.95,0.1,0.0,0.0,60
0.03,2,0.95,0.2,0.0,0.0,60
0.03,2,0.95,0.5,0.0,0.0,60
0.03,2,0.95,1.0,0.0,0.0,60
0.03,2,0.95,2.0,0.0,0.0,60
0.03,2,0.95,5.0,0.0,0.0,60
0.03,2,0.95,10.0,0.06666666666666667,0.0,60
0.03,2,0.95,20.0,0.65,0.0,60
0.03,2,0.95,50.0,1.0,0.0,60
0.03,2,0.95,100.0,1.0,0.0,60
0.03,1,0.0,0.02,0.016666666666666666,0.016666666666666666,60
0.03,1,0.0,0.05,0.016666666666666666,0.016666666666666666,60
0.03,1,0.0,0.1,0.016666666666666666,0.016666666666666666,60
0.03,1,0.0,0.2,0.016666666666666666,0.016666666666666666,60
0.03,1,0.0,0.5,0.016666666666666666,0.016666666666666666,60
0.03,1,0.0,1.0,0.0,0.016666666666666666,60
0.03,1,0.0,2.0,0.0,0.016666666666666666,60
0.03,1,0.0,5.0,0.016666666666666666,0.016666666666666666,60
0.03,1,0.0,10.0,0.03333333333333333,0.016666666666666666,60
0.03,1,0.0,20.0,0.2833333333333333,0.016666666666666666,60
0.03,1,0.0,50.0,0.9833333333333333,0.016666666666666666,60
0.03,1,0.0,100.0,1.0,0.016666666666666666,60
0.03,1,0.5,0.02,0.0,0.016666666666666666,60
0.03,1,0.5,0.05,0.0,0.016666666666666666,60
0.03,1,0.5,0.1,0.0,0.016666666666666666,60
0.03,1,0.5,0.2,0.0,0.016666666666666666,60
0.03,1,0.5,0.5,0.0,0.016666666666666666,60
0.03,1,0.5,1.0,0.0,0.016666666666666666,60
0.03,1,0.5,2.0,0.0,0.016666666666666666,60
0.03,1,0.5,5.0,0.016666666666666666,0.016666666666666666,60
0.03,1,0.5,10.0,0.06666666666666667,0.016666666666666666,60
0.03,1,0.5,20.0,0.4166666666666667,0.016666666666666666,60
0.03,1,0.5,50.0,0.95,0.016666666666666666,60
0.03,1,0.5,100.0,1.0,0.016666666666666666,60
0.03,1,0.9,0.02,0.016666666666666666,0.05,60
0.03,1,0.9,0.05,0.016666666666666666,0.05,60
0.03,1,0.9,0.1,0.016666666666666666,0.05,60
0.03,1,0.9,0.2,0.016666666666666666,0.05,60
0.03,1,0.9,0.5,0.0,0.05,60
0.03,1,0.9,1.0,0.0,0.05,60
0.03,1,0.9,2.0,0.0,0.05,60
0.03,1,0.9,5.0,0.03333333333333333,0.05,60
0.03,1,0.9,10.0,0.08333333333333333,0.05,60
0.03,1,0.9,20.0,0.45,0.05,60
0.03,1,0.9,50.0,0.9833333333333333,0.05,60
0.03,1,0.9,100.0,1.0,0.05,60
0.03,1,0.95,0.02,0.0,0.03333333333333333,60
0.03,1,0.95,0.05,0.0,0.03333333333333333,60
0.03,1,0.95,0.1,0.0,0.03333333333333333,60
0.03,1,0.95,0.2,0.0,0.03333333333333333,60
0.03,1,0.95,0.5,0.0,0.03333333333333333,60
0.03,1,0.95,1.0,0.016666666666666666,0.03333333333333333,60
0.03,1,0.95,2.0,0.0,0.03333333333333333,60
0.03,1,0.95,5.0,0.016666666666666666,0.03333333333333333,60
0.03,1,0.95,10.0,0.06666666666666667,0.03333333333333333,60
0.03,1,0.95,20.0,0.43333333333333335,0.03333333333333333,60
0.03,1,0.95,50.0,0.9666666666666667,0.03333333333333333,60
0.03,1,0.95,100.0,1.0,0.03333333333333333,60
0.1,8640,0.0,0.02,0.0,0.0,60
0.1,8640,0.0,0.05,0.08333333333333333,0.0,60
0.1,8640,0.0,0.1,0.9833333333333333,0.0,60
0.1,8640,0.0,0.2,1.0,0.0,60
0.1,8640,0.0,0.5,1.0,0.0,60
0.1,8640,0.0,1.0,1.0,0.0,60
0.1,8640,0.0,2.0,1.0,0.0,60
0.1,8640,0.0,5.0,1.0,0.0,60
0.1,8640,0.0,10.0,1.0,0.0,60
0.1,8640,0.0,20.0,1.0,0.0,60
0.1,8640,0.0,50.0,1.0,0.0,60
0.1,8640,0.0,100.0,1.0,0.0,60
0.1,8640,0.5,0.02,0.0,0.0,60
0.1,8640,0.5,0.05,0.06666666666666667,0.0,60
0.1,8640,0.5,0.1,1.0,0.0,60
0.1,8640,0.5,0.2,1.0,0.0,60
0.1,8640,0.5,0.5,1.0,0.0,60
0.1,8640,0.5,1.0,1.0,0.0,60
0.1,8640,0.5,2.0,1.0,0.0,60
0.1,8640,0.5,5.0,1.0,0.0,60
0.1,8640,0.5,10.0,1.0,0.0,60
0.1,8640,0.5,20.0,1.0,0.0,60
0.1,8640,0.5,50.0,1.0,0.0,60
0.1,8640,0.5,100.0,1.0,0.0,60
0.1,8640,0.9,0.02,0.0,0.0,60
0.1,8640,0.9,0.05,0.03333333333333333,0.0,60
0.1,8640,0.9,0.1,0.9666666666666667,0.0,60
0.1,8640,0.9,0.2,1.0,0.0,60
0.1,8640,0.9,0.5,1.0,0.0,60
0.1,8640,0.9,1.0,1.0,0.0,60
0.1,8640,0.9,2.0,1.0,0.0,60
0.1,8640,0.9,5.0,1.0,0.0,60
0.1,8640,0.9,10.0,1.0,0.0,60
0.1,8640,0.9,20.0,1.0,0.0,60
0.1,8640,0.9,50.0,1.0,0.0,60
0.1,8640,0.9,100.0,1.0,0.0,60
0.1,8640,0.95,0.02,0.0,0.0,60
0.1,8640,0.95,0.05,0.06666666666666667,0.0,60
0.1,8640,0.95,0.1,1.0,0.0,60
0.1,8640,0.95,0.2,1.0,0.0,60
0.1,8640,0.95,0.5,1.0,0.0,60
0.1,8640,0.95,1.0,1.0,0.0,60
0.1,8640,0.95,2.0,1.0,0.0,60
0.1,8640,0.95,5.0,1.0,0.0,60
0.1,8640,0.95,10.0,1.0,0.0,60
0.1,8640,0.95,20.0,1.0,0.0,60
0.1,8640,0.95,50.0,1.0,0.0,60
0.1,8640,0.95,100.0,1.0,0.0,60
0.1,1440,0.0,0.02,0.0,0.05,60
0.1,1440,0.0,0.05,0.0,0.05,60
0.1,1440,0.0,0.1,0.55,0.05,60
0.1,1440,0.0,0.2,1.0,0.05,60
0.1,1440,0.0,0.5,1.0,0.05,60
0.1,1440,0.0,1.0,1.0,0.05,60
0.1,1440,0.0,2.0,1.0,0.05,60
0.1,1440,0.0,5.0,1.0,0.05,60
0.1,1440,0.0,10.0,1.0,0.05,60
0.1,1440,0.0,20.0,1.0,0.05,60
0.1,1440,0.0,50.0,1.0,0.05,60
0.1,1440,0.0,100.0,1.0,0.05,60
0.1,1440,0.5,0.02,0.0,0.06666666666666667,60
0.1,1440,0.5,0.05,0.0,0.06666666666666667,60
0.1,1440,0.5,0.1,0.4166666666666667,0.06666666666666667,60
0.1,1440,0.5,0.2,1.0,0.06666666666666667,60
0.1,1440,0.5,0.5,1.0,0.06666666666666667,60
0.1,1440,0.5,1.0,1.0,0.06666666666666667,60
0.1,1440,0.5,2.0,1.0,0.06666666666666667,60
0.1,1440,0.5,5.0,1.0,0.06666666666666667,60
0.1,1440,0.5,10.0,1.0,0.06666666666666667,60
0.1,1440,0.5,20.0,1.0,0.06666666666666667,60
0.1,1440,0.5,50.0,1.0,0.06666666666666667,60
0.1,1440,0.5,100.0,1.0,0.06666666666666667,60
0.1,1440,0.9,0.02,0.0,0.0,60
0.1,1440,0.9,0.05,0.0,0.0,60
0.1,1440,0.9,0.1,0.3,0.0,60
0.1,1440,0.9,0.2,1.0,0.0,60
0.1,1440,0.9,0.5,1.0,0.0,60
0.1,1440,0.9,1.0,1.0,0.0,60
0.1,1440,0.9,2.0,1.0,0.0,60
0.1,1440,0.9,5.0,1.0,0.0,60
0.1,1440,0.9,10.0,1.0,0.0,60
0.1,1440,0.9,20.0,1.0,0.0,60
0.1,1440,0.9,50.0,1.0,0.0,60
0.1,1440,0.9,100.0,1.0,0.0,60
0.1,1440,0.95,0.02,0.0,0.016666666666666666,60
0.1,1440,0.95,0.05,0.0,0.016666666666666666,60
0.1,1440,0.95,0.1,0.3,0.016666666666666666,60
0.1,1440,0.95,0.2,1.0,0.016666666666666666,60
0.1,1440,0.95,0.5,1.0,0.016666666666666666,60
0.1,1440,0.95,1.0,1.0,0.016666666666666666,60
0.1,1440,0.95,2.0,1.0,0.016666666666666666,60
0.1,1440,0.95,5.0,1.0,0.016666666666666666,60
0.1,1440,0.95,10.0,1.0,0.016666666666666666,60
0.1,1440,0.95,20.0,1.0,0.016666666666666666,60
0.1,1440,0.95,50.0,1.0,0.016666666666666666,60
0.1,1440,0.95,100.0,1.0,0.016666666666666666,60
0.1,144,0.0,0.02,0.0,0.0,60
0.1,144,0.0,0.05,0.0,0.0,60
0.1,144,0.0,0.1,0.0,0.0,60
0.1,144,0.0,0.2,0.0,0.0,60
0.1,144,0.0,0.5,0.0,0.0,60
0.1,144,0.0,1.0,0.7,0.0,60
0.1,144,0.0,2.0,1.0,0.0,60
0.1,144,0.0,5.0,1.0,0.0,60
0.1,144,0.0,10.0,1.0,0.0,60
0.1,144,0.0,20.0,1.0,0.0,60
0.1,144,0.0,50.0,1.0,0.0,60
0.1,144,0.0,100.0,1.0,0.0,60
0.1,144,0.5,0.02,0.0,0.016666666666666666,60
0.1,144,0.5,0.05,0.0,0.016666666666666666,60
0.1,144,0.5,0.1,0.0,0.016666666666666666,60
0.1,144,0.5,0.2,0.0,0.016666666666666666,60
0.1,144,0.5,0.5,0.0,0.016666666666666666,60
0.1,144,0.5,1.0,0.7666666666666667,0.016666666666666666,60
0.1,144,0.5,2.0,1.0,0.016666666666666666,60
0.1,144,0.5,5.0,1.0,0.016666666666666666,60
0.1,144,0.5,10.0,1.0,0.016666666666666666,60
0.1,144,0.5,20.0,1.0,0.016666666666666666,60
0.1,144,0.5,50.0,1.0,0.016666666666666666,60
0.1,144,0.5,100.0,1.0,0.016666666666666666,60
0.1,144,0.9,0.02,0.0,0.03333333333333333,60
0.1,144,0.9,0.05,0.0,0.03333333333333333,60
0.1,144,0.9,0.1,0.0,0.03333333333333333,60
0.1,144,0.9,0.2,0.0,0.03333333333333333,60
0.1,144,0.9,0.5,0.0,0.03333333333333333,60
0.1,144,0.9,1.0,0.6833333333333333,0.03333333333333333,60
0.1,144,0.9,2.0,1.0,0.03333333333333333,60
0.1,144,0.9,5.0,1.0,0.03333333333333333,60
0.1,144,0.9,10.0,1.0,0.03333333333333333,60
0.1,144,0.9,20.0,1.0,0.03333333333333333,60
0.1,144,0.9,50.0,1.0,0.03333333333333333,60
0.1,144,0.9,100.0,1.0,0.03333333333333333,60
0.1,144,0.95,0.02,0.0,0.03333333333333333,60
0.1,144,0.95,0.05,0.0,0.03333333333333333,60
0.1,144,0.95,0.1,0.0,0.03333333333333333,60
0.1,144,0.95,0.2,0.0,0.03333333333333333,60
0.1,144,0.95,0.5,0.0,0.03333333333333333,60
0.1,144,0.95,1.0,0.7333333333333333,0.03333333333333333,60
0.1,144,0.95,2.0,1.0,0.03333333333333333,60
0.1,144,0.95,5.0,1.0,0.03333333333333333,60
0.1,144,0.95,10.0,1.0,0.03333333333333333,60
0.1,144,0.95,20.0,1.0,0.03333333333333333,60
0.1,144,0.95,50.0,1.0,0.03333333333333333,60
0.1,144,0.95,100.0,1.0,0.03333333333333333,60
0.1,24,0.0,0.02,0.0,0.0,60
0.1,24,0.0,0.05,0.0,0.0,60
0.1,24,0.0,0.1,0.0,0.0,60
0.1,24,0.0,0.2,0.0,0.0,60
0.1,24,0.0,0.5,0.0,0.0,60
0.1,24,0.0,1.0,0.0,0.0,60
0.1,24,0.0,2.0,0.0,0.0,60
0.1,24,0.0,5.0,0.0,0.0,60
0.1,24,0.0,10.0,0.0,0.0,60
0.1,24,0.0,20.0,1.0,0.0,60
0.1,24,0.0,50.0,1.0,0.0,60
0.1,24,0.0,100.0,1.0,0.0,60
0.1,24,0.5,0.02,0.0,0.0,60
0.1,24,0.5,0.05,0.0,0.0,60
0.1,24,0.5,0.1,0.0,0.0,60
0.1,24,0.5,0.2,0.0,0.0,60
0.1,24,0.5,0.5,0.0,0.0,60
0.1,24,0.5,1.0,0.0,0.0,60
0.1,24,0.5,2.0,0.0,0.0,60
0.1,24,0.5,5.0,0.0,0.0,60
0.1,24,0.5,10.0,0.0,0.0,60
0.1,24,0.5,20.0,1.0,0.0,60
0.1,24,0.5,50.0,1.0,0.0,60
0.1,24,0.5,100.0,1.0,0.0,60
0.1,24,0.9,0.02,0.0,0.0,60
0.1,24,0.9,0.05,0.0,0.0,60
0.1,24,0.9,0.1,0.0,0.0,60
0.1,24,0.9,0.2,0.0,0.0,60
0.1,24,0.9,0.5,0.0,0.0,60
0.1,24,0.9,1.0,0.0,0.0,60
0.1,24,0.9,2.0,0.0,0.0,60
0.1,24,0.9,5.0,0.0,0.0,60
0.1,24,0.9,10.0,0.0,0.0,60
0.1,24,0.9,20.0,0.9833333333333333,0.0,60
0.1,24,0.9,50.0,1.0,0.0,60
0.1,24,0.9,100.0,1.0,0.0,60
0.1,24,0.95,0.02,0.0,0.0,60
0.1,24,0.95,0.05,0.0,0.0,60
0.1,24,0.95,0.1,0.0,0.0,60
0.1,24,0.95,0.2,0.0,0.0,60
0.1,24,0.95,0.5,0.0,0.0,60
0.1,24,0.95,1.0,0.0,0.0,60
0.1,24,0.95,2.0,0.0,0.0,60
0.1,24,0.95,5.0,0.0,0.0,60
0.1,24,0.95,10.0,0.016666666666666666,0.0,60
0.1,24,0.95,20.0,0.9833333333333333,0.0,60
0.1,24,0.95,50.0,1.0,0.0,60
0.1,24,0.95,100.0,1.0,0.0,60
0.1,4,0.0,0.02,0.0,0.0,60
0.1,4,0.0,0.05,0.0,0.0,60
0.1,4,0.0,0.1,0.0,0.0,60
0.1,4,0.0,0.2,0.0,0.0,60
0.1,4,0.0,0.5,0.0,0.0,60
0.1,4,0.0,1.0,0.0,0.0,60
0.1,4,0.0,2.0,0.0,0.0,60
0.1,4,0.0,5.0,0.0,0.0,60
0.1,4,0.0,10.0,0.1,0.0,60
0.1,4,0.0,20.0,0.9166666666666666,0.0,60
0.1,4,0.0,50.0,1.0,0.0,60
0.1,4,0.0,100.0,1.0,0.0,60
0.1,4,0.5,0.02,0.0,0.0,60
0.1,4,0.5,0.05,0.0,0.0,60
0.1,4,0.5,0.1,0.0,0.0,60
0.1,4,0.5,0.2,0.0,0.0,60
0.1,4,0.5,0.5,0.0,0.0,60
0.1,4,0.5,1.0,0.0,0.0,60
0.1,4,0.5,2.0,0.0,0.0,60
0.1,4,0.5,5.0,0.0,0.0,60
0.1,4,0.5,10.0,0.15,0.0,60
0.1,4,0.5,20.0,0.85,0.0,60
0.1,4,0.5,50.0,1.0,0.0,60
0.1,4,0.5,100.0,1.0,0.0,60
0.1,4,0.9,0.02,0.0,0.0,60
0.1,4,0.9,0.05,0.0,0.0,60
0.1,4,0.9,0.1,0.0,0.0,60
0.1,4,0.9,0.2,0.0,0.0,60
0.1,4,0.9,0.5,0.0,0.0,60
0.1,4,0.9,1.0,0.0,0.0,60
0.1,4,0.9,2.0,0.0,0.0,60
0.1,4,0.9,5.0,0.03333333333333333,0.0,60
0.1,4,0.9,10.0,0.13333333333333333,0.0,60
0.1,4,0.9,20.0,0.9166666666666666,0.0,60
0.1,4,0.9,50.0,1.0,0.0,60
0.1,4,0.9,100.0,1.0,0.0,60
0.1,4,0.95,0.02,0.0,0.0,60
0.1,4,0.95,0.05,0.0,0.0,60
0.1,4,0.95,0.1,0.0,0.0,60
0.1,4,0.95,0.2,0.0,0.0,60
0.1,4,0.95,0.5,0.0,0.0,60
0.1,4,0.95,1.0,0.0,0.0,60
0.1,4,0.95,2.0,0.0,0.0,60
0.1,4,0.95,5.0,0.016666666666666666,0.0,60
0.1,4,0.95,10.0,0.2,0.0,60
0.1,4,0.95,20.0,0.9333333333333333,0.0,60
0.1,4,0.95,50.0,1.0,0.0,60
0.1,4,0.95,100.0,1.0,0.0,60
0.1,2,0.0,0.02,0.0,0.0,60
0.1,2,0.0,0.05,0.0,0.0,60
0.1,2,0.0,0.1,0.0,0.0,60
0.1,2,0.0,0.2,0.0,0.0,60
0.1,2,0.0,0.5,0.0,0.0,60
0.1,2,0.0,1.0,0.0,0.0,60
0.1,2,0.0,2.0,0.0,0.0,60
0.1,2,0.0,5.0,0.016666666666666666,0.0,60
0.1,2,0.0,10.0,0.11666666666666667,0.0,60
0.1,2,0.0,20.0,0.7,0.0,60
0.1,2,0.0,50.0,1.0,0.0,60
0.1,2,0.0,100.0,1.0,0.0,60
0.1,2,0.5,0.02,0.0,0.0,60
0.1,2,0.5,0.05,0.0,0.0,60
0.1,2,0.5,0.1,0.0,0.0,60
0.1,2,0.5,0.2,0.0,0.0,60
0.1,2,0.5,0.5,0.0,0.0,60
0.1,2,0.5,1.0,0.0,0.0,60
0.1,2,0.5,2.0,0.0,0.0,60
0.1,2,0.5,5.0,0.0,0.0,60
0.1,2,0.5,10.0,0.2,0.0,60
0.1,2,0.5,20.0,0.7833333333333333,0.0,60
0.1,2,0.5,50.0,1.0,0.0,60
0.1,2,0.5,100.0,1.0,0.0,60
0.1,2,0.9,0.02,0.0,0.016666666666666666,60
0.1,2,0.9,0.05,0.0,0.016666666666666666,60
0.1,2,0.9,0.1,0.0,0.016666666666666666,60
0.1,2,0.9,0.2,0.0,0.016666666666666666,60
0.1,2,0.9,0.5,0.0,0.016666666666666666,60
0.1,2,0.9,1.0,0.0,0.016666666666666666,60
0.1,2,0.9,2.0,0.0,0.016666666666666666,60
0.1,2,0.9,5.0,0.016666666666666666,0.016666666666666666,60
0.1,2,0.9,10.0,0.06666666666666667,0.016666666666666666,60
0.1,2,0.9,20.0,0.6166666666666667,0.016666666666666666,60
0.1,2,0.9,50.0,1.0,0.016666666666666666,60
0.1,2,0.9,100.0,1.0,0.016666666666666666,60
0.1,2,0.95,0.02,0.0,0.016666666666666666,60
0.1,2,0.95,0.05,0.0,0.016666666666666666,60
0.1,2,0.95,0.1,0.0,0.016666666666666666,60
0.1,2,0.95,0.2,0.0,0.016666666666666666,60
0.1,2,0.95,0.5,0.0,0.016666666666666666,60
0.1,2,0.95,1.0,0.0,0.016666666666666666,60
0.1,2,0.95,2.0,0.0,0.016666666666666666,60
0.1,2,0.95,5.0,0.016666666666666666,0.016666666666666666,60
0.1,2,0.95,10.0,0.06666666666666667,0.016666666666666666,60
0.1,2,0.95,20.0,0.7,0.016666666666666666,60
0.1,2,0.95,50.0,1.0,0.016666666666666666,60
0.1,2,0.95,100.0,1.0,0.016666666666666666,60
0.1,1,0.0,0.02,0.0,0.0,60
0.1,1,0.0,0.05,0.0,0.0,60
0.1,1,0.0,0.1,0.0,0.0,60
0.1,1,0.0,0.2,0.0,0.0,60
0.1,1,0.0,0.5,0.0,0.0,60
0.1,1,0.0,1.0,0.0,0.0,60
0.1,1,0.0,2.0,0.0,0.0,60
0.1,1,0.0,5.0,0.0,0.0,60
0.1,1,0.0,10.0,0.03333333333333333,0.0,60
0.1,1,0.0,20.0,0.43333333333333335,0.0,60
0.1,1,0.0,50.0,0.9666666666666667,0.0,60
0.1,1,0.0,100.0,1.0,0.0,60
0.1,1,0.5,0.02,0.0,0.016666666666666666,60
0.1,1,0.5,0.05,0.0,0.016666666666666666,60
0.1,1,0.5,0.1,0.0,0.016666666666666666,60
0.1,1,0.5,0.2,0.0,0.016666666666666666,60
0.1,1,0.5,0.5,0.0,0.016666666666666666,60
0.1,1,0.5,1.0,0.0,0.016666666666666666,60
0.1,1,0.5,2.0,0.0,0.016666666666666666,60
0.1,1,0.5,5.0,0.03333333333333333,0.016666666666666666,60
0.1,1,0.5,10.0,0.08333333333333333,0.016666666666666666,60
0.1,1,0.5,20.0,0.3333333333333333,0.016666666666666666,60
0.1,1,0.5,50.0,0.9833333333333333,0.016666666666666666,60
0.1,1,0.5,100.0,1.0,0.016666666666666666,60
0.1,1,0.9,0.02,0.0,0.016666666666666666,60
0.1,1,0.9,0.05,0.0,0.016666666666666666,60
0.1,1,0.9,0.1,0.016666666666666666,0.016666666666666666,60
0.1,1,0.9,0.2,0.016666666666666666,0.016666666666666666,60
0.1,1,0.9,0.5,0.016666666666666666,0.016666666666666666,60
0.1,1,0.9,1.0,0.016666666666666666,0.016666666666666666,60
0.1,1,0.9,2.0,0.016666666666666666,0.016666666666666666,60
0.1,1,0.9,5.0,0.03333333333333333,0.016666666666666666,60
0.1,1,0.9,10.0,0.11666666666666667,0.016666666666666666,60
0.1,1,0.9,20.0,0.48333333333333334,0.016666666666666666,60
0.1,1,0.9,50.0,1.0,0.016666666666666666,60
0.1,1,0.9,100.0,1.0,0.016666666666666666,60
0.1,1,0.95,0.02,0.0,0.0,60
0.1,1,0.95,0.05,0.0,0.0,60
0.1,1,0.95,0.1,0.0,0.0,60
0.1,1,0.95,0.2,0.0,0.0,60
0.1,1,0.95,0.5,0.0,0.0,60
0.1,1,0.95,1.0,0.0,0.0,60
0.1,1,0.95,2.0,0.016666666666666666,0.0,60
0.1,1,0.95,5.0,0.03333333333333333,0.0,60
0.1,1,0.95,10.0,0.08333333333333333,0.0,60
0.1,1,0.95,20.0,0.38333333333333336,0.0,60
0.1,1,0.95,50.0,0.95,0.0,60
0.1,1,0.95,100.0,1.0,0.0,60
0.3,8640,0.0,0.02,0.0,0.0,60
0.3,8640,0.0,0.05,0.1,0.0,60
0.3,8640,0.0,0.1,0.9833333333333333,0.0,60
0.3,8640,0.0,0.2,1.0,0.0,60
0.3,8640,0.0,0.5,1.0,0.0,60
0.3,8640,0.0,1.0,1.0,0.0,60
0.3,8640,0.0,2.0,1.0,0.0,60
0.3,8640,0.0,5.0,1.0,0.0,60
0.3,8640,0.0,10.0,1.0,0.0,60
0.3,8640,0.0,20.0,1.0,0.0,60
0.3,8640,0.0,50.0,1.0,0.0,60
0.3,8640,0.0,100.0,1.0,0.0,60
0.3,8640,0.5,0.02,0.0,0.0,60
0.3,8640,0.5,0.05,0.08333333333333333,0.0,60
0.3,8640,0.5,0.1,1.0,0.0,60
0.3,8640,0.5,0.2,1.0,0.0,60
0.3,8640,0.5,0.5,1.0,0.0,60
0.3,8640,0.5,1.0,1.0,0.0,60
0.3,8640,0.5,2.0,1.0,0.0,60
0.3,8640,0.5,5.0,1.0,0.0,60
0.3,8640,0.5,10.0,1.0,0.0,60
0.3,8640,0.5,20.0,1.0,0.0,60
0.3,8640,0.5,50.0,1.0,0.0,60
0.3,8640,0.5,100.0,1.0,0.0,60
0.3,8640,0.9,0.02,0.0,0.0,60
0.3,8640,0.9,0.05,0.016666666666666666,0.0,60
0.3,8640,0.9,0.1,0.9,0.0,60
0.3,8640,0.9,0.2,1.0,0.0,60
0.3,8640,0.9,0.5,1.0,0.0,60
0.3,8640,0.9,1.0,1.0,0.0,60
0.3,8640,0.9,2.0,1.0,0.0,60
0.3,8640,0.9,5.0,1.0,0.0,60
0.3,8640,0.9,10.0,1.0,0.0,60
0.3,8640,0.9,20.0,1.0,0.0,60
0.3,8640,0.9,50.0,1.0,0.0,60
0.3,8640,0.9,100.0,1.0,0.0,60
0.3,8640,0.95,0.02,0.0,0.0,60
0.3,8640,0.95,0.05,0.0,0.0,60
0.3,8640,0.95,0.1,0.43333333333333335,0.0,60
0.3,8640,0.95,0.2,1.0,0.0,60
0.3,8640,0.95,0.5,1.0,0.0,60
0.3,8640,0.95,1.0,1.0,0.0,60
0.3,8640,0.95,2.0,1.0,0.0,60
0.3,8640,0.95,5.0,1.0,0.0,60
0.3,8640,0.95,10.0,1.0,0.0,60
0.3,8640,0.95,20.0,1.0,0.0,60
0.3,8640,0.95,50.0,1.0,0.0,60
0.3,8640,0.95,100.0,1.0,0.0,60
0.3,1440,0.0,0.02,0.0,0.016666666666666666,60
0.3,1440,0.0,0.05,0.0,0.016666666666666666,60
0.3,1440,0.0,0.1,0.31666666666666665,0.016666666666666666,60
0.3,1440,0.0,0.2,1.0,0.016666666666666666,60
0.3,1440,0.0,0.5,1.0,0.016666666666666666,60
0.3,1440,0.0,1.0,1.0,0.016666666666666666,60
0.3,1440,0.0,2.0,1.0,0.016666666666666666,60
0.3,1440,0.0,5.0,1.0,0.016666666666666666,60
0.3,1440,0.0,10.0,1.0,0.016666666666666666,60
0.3,1440,0.0,20.0,1.0,0.016666666666666666,60
0.3,1440,0.0,50.0,1.0,0.016666666666666666,60
0.3,1440,0.0,100.0,1.0,0.016666666666666666,60
0.3,1440,0.5,0.02,0.0,0.0,60
0.3,1440,0.5,0.05,0.0,0.0,60
0.3,1440,0.5,0.1,0.1,0.0,60
0.3,1440,0.5,0.2,1.0,0.0,60
0.3,1440,0.5,0.5,1.0,0.0,60
0.3,1440,0.5,1.0,1.0,0.0,60
0.3,1440,0.5,2.0,1.0,0.0,60
0.3,1440,0.5,5.0,1.0,0.0,60
0.3,1440,0.5,10.0,1.0,0.0,60
0.3,1440,0.5,20.0,1.0,0.0,60
0.3,1440,0.5,50.0,1.0,0.0,60
0.3,1440,0.5,100.0,1.0,0.0,60
0.3,1440,0.9,0.02,0.0,0.0,60
0.3,1440,0.9,0.05,0.0,0.0,60
0.3,1440,0.9,0.1,0.016666666666666666,0.0,60
0.3,1440,0.9,0.2,0.75,0.0,60
0.3,1440,0.9,0.5,1.0,0.0,60
0.3,1440,0.9,1.0,1.0,0.0,60
0.3,1440,0.9,2.0,1.0,0.0,60
0.3,1440,0.9,5.0,1.0,0.0,60
0.3,1440,0.9,10.0,1.0,0.0,60
0.3,1440,0.9,20.0,1.0,0.0,60
0.3,1440,0.9,50.0,1.0,0.0,60
0.3,1440,0.9,100.0,1.0,0.0,60
0.3,1440,0.95,0.02,0.0,0.0,60
0.3,1440,0.95,0.05,0.0,0.0,60
0.3,1440,0.95,0.1,0.0,0.0,60
0.3,1440,0.95,0.2,0.5,0.0,60
0.3,1440,0.95,0.5,1.0,0.0,60
0.3,1440,0.95,1.0,1.0,0.0,60
0.3,1440,0.95,2.0,1.0,0.0,60
0.3,1440,0.95,5.0,1.0,0.0,60
0.3,1440,0.95,10.0,1.0,0.0,60
0.3,1440,0.95,20.0,1.0,0.0,60
0.3,1440,0.95,50.0,1.0,0.0,60
0.3,1440,0.95,100.0,1.0,0.0,60
0.3,144,0.0,0.02,0.0,0.03333333333333333,60
0.3,144,0.0,0.05,0.0,0.03333333333333333,60
0.3,144,0.0,0.1,0.0,0.03333333333333333,60
0.3,144,0.0,0.2,0.0,0.03333333333333333,60
0.3,144,0.0,0.5,0.0,0.03333333333333333,60
0.3,144,0.0,1.0,0.6,0.03333333333333333,60
0.3,144,0.0,2.0,1.0,0.03333333333333333,60
0.3,144,0.0,5.0,1.0,0.03333333333333333,60
0.3,144,0.0,10.0,1.0,0.03333333333333333,60
0.3,144,0.0,20.0,1.0,0.03333333333333333,60
0.3,144,0.0,50.0,1.0,0.03333333333333333,60
0.3,144,0.0,100.0,1.0,0.03333333333333333,60
0.3,144,0.5,0.02,0.0,0.0,60
0.3,144,0.5,0.05,0.0,0.0,60
0.3,144,0.5,0.1,0.0,0.0,60
0.3,144,0.5,0.2,0.0,0.0,60
0.3,144,0.5,0.5,0.0,0.0,60
0.3,144,0.5,1.0,0.6333333333333333,0.0,60
0.3,144,0.5,2.0,1.0,0.0,60
0.3,144,0.5,5.0,1.0,0.0,60
0.3,144,0.5,10.0,1.0,0.0,60
0.3,144,0.5,20.0,1.0,0.0,60
0.3,144,0.5,50.0,1.0,0.0,60
0.3,144,0.5,100.0,1.0,0.0,60
0.3,144,0.9,0.02,0.0,0.05,60
0.3,144,0.9,0.05,0.0,0.05,60
0.3,144,0.9,0.1,0.0,0.05,60
0.3,144,0.9,0.2,0.0,0.05,60
0.3,144,0.9,0.5,0.0,0.05,60
0.3,144,0.9,1.0,0.6666666666666666,0.05,60
0.3,144,0.9,2.0,1.0,0.05,60
0.3,144,0.9,5.0,1.0,0.05,60
0.3,144,0.9,10.0,1.0,0.05,60
0.3,144,0.9,20.0,1.0,0.05,60
0.3,144,0.9,50.0,1.0,0.05,60
0.3,144,0.9,100.0,1.0,0.05,60
0.3,144,0.95,0.02,0.0,0.0,60
0.3,144,0.95,0.05,0.0,0.0,60
0.3,144,0.95,0.1,0.0,0.0,60
0.3,144,0.95,0.2,0.0,0.0,60
0.3,144,0.95,0.5,0.0,0.0,60
0.3,144,0.95,1.0,0.7,0.0,60
0.3,144,0.95,2.0,1.0,0.0,60
0.3,144,0.95,5.0,1.0,0.0,60
0.3,144,0.95,10.0,1.0,0.0,60
0.3,144,0.95,20.0,1.0,0.0,60
0.3,144,0.95,50.0,1.0,0.0,60
0.3,144,0.95,100.0,1.0,0.0,60
0.3,24,0.0,0.02,0.0,0.0,60
0.3,24,0.0,0.05,0.0,0.0,60
0.3,24,0.0,0.1,0.0,0.0,60
0.3,24,0.0,0.2,0.0,0.0,60
0.3,24,0.0,0.5,0.0,0.0,60
0.3,24,0.0,1.0,0.0,0.0,60
0.3,24,0.0,2.0,0.0,0.0,60
0.3,24,0.0,5.0,0.0,0.0,60
0.3,24,0.0,10.0,0.0,0.0,60
0.3,24,0.0,20.0,0.9666666666666667,0.0,60
0.3,24,0.0,50.0,1.0,0.0,60
0.3,24,0.0,100.0,1.0,0.0,60
0.3,24,0.5,0.02,0.0,0.0,60
0.3,24,0.5,0.05,0.0,0.0,60
0.3,24,0.5,0.1,0.0,0.0,60
0.3,24,0.5,0.2,0.0,0.0,60
0.3,24,0.5,0.5,0.0,0.0,60
0.3,24,0.5,1.0,0.0,0.0,60
0.3,24,0.5,2.0,0.0,0.0,60
0.3,24,0.5,5.0,0.0,0.0,60
0.3,24,0.5,10.0,0.0,0.0,60
0.3,24,0.5,20.0,1.0,0.0,60
0.3,24,0.5,50.0,1.0,0.0,60
0.3,24,0.5,100.0,1.0,0.0,60
0.3,24,0.9,0.02,0.0,0.0,60
0.3,24,0.9,0.05,0.0,0.0,60
0.3,24,0.9,0.1,0.0,0.0,60
0.3,24,0.9,0.2,0.0,0.0,60
0.3,24,0.9,0.5,0.0,0.0,60
0.3,24,0.9,1.0,0.0,0.0,60
0.3,24,0.9,2.0,0.0,0.0,60
0.3,24,0.9,5.0,0.0,0.0,60
0.3,24,0.9,10.0,0.016666666666666666,0.0,60
0.3,24,0.9,20.0,1.0,0.0,60
0.3,24,0.9,50.0,1.0,0.0,60
0.3,24,0.9,100.0,1.0,0.0,60
0.3,24,0.95,0.02,0.0,0.0,60
0.3,24,0.95,0.05,0.0,0.0,60
0.3,24,0.95,0.1,0.0,0.0,60
0.3,24,0.95,0.2,0.0,0.0,60
0.3,24,0.95,0.5,0.0,0.0,60
0.3,24,0.95,1.0,0.0,0.0,60
0.3,24,0.95,2.0,0.0,0.0,60
0.3,24,0.95,5.0,0.0,0.0,60
0.3,24,0.95,10.0,0.0,0.0,60
0.3,24,0.95,20.0,1.0,0.0,60
0.3,24,0.95,50.0,1.0,0.0,60
0.3,24,0.95,100.0,1.0,0.0,60
0.3,4,0.0,0.02,0.0,0.0,60
0.3,4,0.0,0.05,0.0,0.0,60
0.3,4,0.0,0.1,0.0,0.0,60
0.3,4,0.0,0.2,0.0,0.0,60
0.3,4,0.0,0.5,0.0,0.0,60
0.3,4,0.0,1.0,0.0,0.0,60
0.3,4,0.0,2.0,0.0,0.0,60
0.3,4,0.0,5.0,0.0,0.0,60
0.3,4,0.0,10.0,0.1,0.0,60
0.3,4,0.0,20.0,0.9333333333333333,0.0,60
0.3,4,0.0,50.0,1.0,0.0,60
0.3,4,0.0,100.0,1.0,0.0,60
0.3,4,0.5,0.02,0.0,0.0,60
0.3,4,0.5,0.05,0.0,0.0,60
0.3,4,0.5,0.1,0.0,0.0,60
0.3,4,0.5,0.2,0.0,0.0,60
0.3,4,0.5,0.5,0.0,0.0,60
0.3,4,0.5,1.0,0.0,0.0,60
0.3,4,0.5,2.0,0.0,0.0,60
0.3,4,0.5,5.0,0.0,0.0,60
0.3,4,0.5,10.0,0.08333333333333333,0.0,60
0.3,4,0.5,20.0,0.95,0.0,60
0.3,4,0.5,50.0,1.0,0.0,60
0.3,4,0.5,100.0,1.0,0.0,60
0.3,4,0.9,0.02,0.0,0.0,60
0.3,4,0.9,0.05,0.0,0.0,60
0.3,4,0.9,0.1,0.0,0.0,60
0.3,4,0.9,0.2,0.0,0.0,60
0.3,4,0.9,0.5,0.0,0.0,60
0.3,4,0.9,1.0,0.0,0.0,60
0.3,4,0.9,2.0,0.0,0.0,60
0.3,4,0.9,5.0,0.0,0.0,60
0.3,4,0.9,10.0,0.13333333333333333,0.0,60
0.3,4,0.9,20.0,0.8,0.0,60
0.3,4,0.9,50.0,1.0,0.0,60
0.3,4,0.9,100.0,1.0,0.0,60
0.3,4,0.95,0.02,0.0,0.0,60
0.3,4,0.95,0.05,0.0,0.0,60
0.3,4,0.95,0.1,0.0,0.0,60
0.3,4,0.95,0.2,0.0,0.0,60
0.3,4,0.95,0.5,0.0,0.0,60
0.3,4,0.95,1.0,0.0,0.0,60
0.3,4,0.95,2.0,0.0,0.0,60
0.3,4,0.95,5.0,0.016666666666666666,0.0,60
0.3,4,0.95,10.0,0.13333333333333333,0.0,60
0.3,4,0.95,20.0,0.8833333333333333,0.0,60
0.3,4,0.95,50.0,1.0,0.0,60
0.3,4,0.95,100.0,1.0,0.0,60
0.3,2,0.0,0.02,0.0,0.0,60
0.3,2,0.0,0.05,0.0,0.0,60
0.3,2,0.0,0.1,0.0,0.0,60
0.3,2,0.0,0.2,0.0,0.0,60
0.3,2,0.0,0.5,0.0,0.0,60
0.3,2,0.0,1.0,0.0,0.0,60
0.3,2,0.0,2.0,0.0,0.0,60
0.3,2,0.0,5.0,0.0,0.0,60
0.3,2,0.0,10.0,0.13333333333333333,0.0,60
0.3,2,0.0,20.0,0.6333333333333333,0.0,60
0.3,2,0.0,50.0,1.0,0.0,60
0.3,2,0.0,100.0,1.0,0.0,60
0.3,2,0.5,0.02,0.0,0.0,60
0.3,2,0.5,0.05,0.0,0.0,60
0.3,2,0.5,0.1,0.0,0.0,60
0.3,2,0.5,0.2,0.0,0.0,60
0.3,2,0.5,0.5,0.0,0.0,60
0.3,2,0.5,1.0,0.0,0.0,60
0.3,2,0.5,2.0,0.0,0.0,60
0.3,2,0.5,5.0,0.0,0.0,60
0.3,2,0.5,10.0,0.05,0.0,60
0.3,2,0.5,20.0,0.5833333333333334,0.0,60
0.3,2,0.5,50.0,1.0,0.0,60
0.3,2,0.5,100.0,1.0,0.0,60
0.3,2,0.9,0.02,0.0,0.0,60
0.3,2,0.9,0.05,0.0,0.0,60
0.3,2,0.9,0.1,0.0,0.0,60
0.3,2,0.9,0.2,0.0,0.0,60
0.3,2,0.9,0.5,0.0,0.0,60
0.3,2,0.9,1.0,0.0,0.0,60
0.3,2,0.9,2.0,0.0,0.0,60
0.3,2,0.9,5.0,0.016666666666666666,0.0,60
0.3,2,0.9,10.0,0.1,0.0,60
0.3,2,0.9,20.0,0.7,0.0,60
0.3,2,0.9,50.0,1.0,0.0,60
0.3,2,0.9,100.0,1.0,0.0,60
0.3,2,0.95,0.02,0.0,0.0,60
0.3,2,0.95,0.05,0.0,0.0,60
0.3,2,0.95,0.1,0.0,0.0,60
0.3,2,0.95,0.2,0.0,0.0,60
0.3,2,0.95,0.5,0.0,0.0,60
0.3,2,0.95,1.0,0.0,0.0,60
0.3,2,0.95,2.0,0.0,0.0,60
0.3,2,0.95,5.0,0.0,0.0,60
0.3,2,0.95,10.0,0.13333333333333333,0.0,60
0.3,2,0.95,20.0,0.75,0.0,60
0.3,2,0.95,50.0,1.0,0.0,60
0.3,2,0.95,100.0,1.0,0.0,60
0.3,1,0.0,0.02,0.016666666666666666,0.016666666666666666,60
0.3,1,0.0,0.05,0.016666666666666666,0.016666666666666666,60
0.3,1,0.0,0.1,0.016666666666666666,0.016666666666666666,60
0.3,1,0.0,0.2,0.016666666666666666,0.016666666666666666,60
0.3,1,0.0,0.5,0.016666666666666666,0.016666666666666666,60
0.3,1,0.0,1.0,0.016666666666666666,0.016666666666666666,60
0.3,1,0.0,2.0,0.016666666666666666,0.016666666666666666,60
0.3,1,0.0,5.0,0.0,0.016666666666666666,60
0.3,1,0.0,10.0,0.03333333333333333,0.016666666666666666,60
0.3,1,0.0,20.0,0.43333333333333335,0.016666666666666666,60
0.3,1,0.0,50.0,1.0,0.016666666666666666,60
0.3,1,0.0,100.0,1.0,0.016666666666666666,60
0.3,1,0.5,0.02,0.0,0.0,60
0.3,1,0.5,0.05,0.0,0.0,60
0.3,1,0.5,0.1,0.0,0.0,60
0.3,1,0.5,0.2,0.0,0.0,60
0.3,1,0.5,0.5,0.016666666666666666,0.0,60
0.3,1,0.5,1.0,0.016666666666666666,0.0,60
0.3,1,0.5,2.0,0.0,0.0,60
0.3,1,0.5,5.0,0.0,0.0,60
0.3,1,0.5,10.0,0.08333333333333333,0.0,60
0.3,1,0.5,20.0,0.4166666666666667,0.0,60
0.3,1,0.5,50.0,1.0,0.0,60
0.3,1,0.5,100.0,1.0,0.0,60
0.3,1,0.9,0.02,0.016666666666666666,0.016666666666666666,60
0.3,1,0.9,0.05,0.016666666666666666,0.016666666666666666,60
0.3,1,0.9,0.1,0.016666666666666666,0.016666666666666666,60
0.3,1,0.9,0.2,0.016666666666666666,0.016666666666666666,60
0.3,1,0.9,0.5,0.016666666666666666,0.016666666666666666,60
0.3,1,0.9,1.0,0.016666666666666666,0.016666666666666666,60
0.3,1,0.9,2.0,0.0,0.016666666666666666,60
0.3,1,0.9,5.0,0.0,0.016666666666666666,60
0.3,1,0.9,10.0,0.06666666666666667,0.016666666666666666,60
0.3,1,0.9,20.0,0.3333333333333333,0.016666666666666666,60
0.3,1,0.9,50.0,1.0,0.016666666666666666,60
0.3,1,0.9,100.0,1.0,0.016666666666666666,60
0.3,1,0.95,0.02,0.0,0.0,60
0.3,1,0.95,0.05,0.0,0.0,60
0.3,1,0.95,0.1,0.0,0.0,60
0.3,1,0.95,0.2,0.0,0.0,60
0.3,1,0.95,0.5,0.0,0.0,60
0.3,1,0.95,1.0,0.0,0.0,60
0.3,1,0.95,2.0,0.0,0.0,60
0.3,1,0.95,5.0,0.0,0.0,60
0.3,1,0.95,10.0,0.06666666666666667,0.0,60
0.3,1,0.95,20.0,0.43333333333333335,0.0,60
0.3,1,0.95,50.0,0.9833333333333333,0.0,60
0.3,1,0.95,100.0,1.0,0.0,60
1.0,8640,0.0,0.02,0.0,0.0,60
1.0,8640,0.0,0.05,0.016666666666666666,0.0,60
1.0,8640,0.0,0.1,0.9666666666666667,0.0,60
1.0,8640,0.0,0.2,1.0,0.0,60
1.0,8640,0.0,0.5,1.0,0.0,60
1.0,8640,0.0,1.0,1.0,0.0,60
1.0,8640,0.0,2.0,1.0,0.0,60
1.0,8640,0.0,5.0,1.0,0.0,60
1.0,8640,0.0,10.0,1.0,0.0,60
1.0,8640,0.0,20.0,1.0,0.0,60
1.0,8640,0.0,50.0,1.0,0.0,60
1.0,8640,0.0,100.0,1.0,0.0,60
1.0,8640,0.5,0.02,0.0,0.0,60
1.0,8640,0.5,0.05,0.0,0.0,60
1.0,8640,0.5,0.1,0.4666666666666667,0.0,60
1.0,8640,0.5,0.2,1.0,0.0,60
1.0,8640,0.5,0.5,1.0,0.0,60
1.0,8640,0.5,1.0,1.0,0.0,60
1.0,8640,0.5,2.0,1.0,0.0,60
1.0,8640,0.5,5.0,1.0,0.0,60
1.0,8640,0.5,10.0,1.0,0.0,60
1.0,8640,0.5,20.0,1.0,0.0,60
1.0,8640,0.5,50.0,1.0,0.0,60
1.0,8640,0.5,100.0,1.0,0.0,60
1.0,8640,0.9,0.02,0.0,0.0,60
1.0,8640,0.9,0.05,0.0,0.0,60
1.0,8640,0.9,0.1,0.0,0.0,60
1.0,8640,0.9,0.2,0.2833333333333333,0.0,60
1.0,8640,0.9,0.5,1.0,0.0,60
1.0,8640,0.9,1.0,1.0,0.0,60
1.0,8640,0.9,2.0,1.0,0.0,60
1.0,8640,0.9,5.0,1.0,0.0,60
1.0,8640,0.9,10.0,1.0,0.0,60
1.0,8640,0.9,20.0,1.0,0.0,60
1.0,8640,0.9,50.0,1.0,0.0,60
1.0,8640,0.9,100.0,1.0,0.0,60
1.0,8640,0.95,0.02,0.0,0.0,60
1.0,8640,0.95,0.05,0.0,0.0,60
1.0,8640,0.95,0.1,0.0,0.0,60
1.0,8640,0.95,0.2,0.03333333333333333,0.0,60
1.0,8640,0.95,0.5,1.0,0.0,60
1.0,8640,0.95,1.0,1.0,0.0,60
1.0,8640,0.95,2.0,1.0,0.0,60
1.0,8640,0.95,5.0,1.0,0.0,60
1.0,8640,0.95,10.0,1.0,0.0,60
1.0,8640,0.95,20.0,1.0,0.0,60
1.0,8640,0.95,50.0,1.0,0.0,60
1.0,8640,0.95,100.0,1.0,0.0,60
1.0,1440,0.0,0.02,0.0,0.0,60
1.0,1440,0.0,0.05,0.0,0.0,60
1.0,1440,0.0,0.1,0.0,0.0,60
1.0,1440,0.0,0.2,0.8,0.0,60
1.0,1440,0.0,0.5,1.0,0.0,60
1.0,1440,0.0,1.0,1.0,0.0,60
1.0,1440,0.0,2.0,1.0,0.0,60
1.0,1440,0.0,5.0,1.0,0.0,60
1.0,1440,0.0,10.0,1.0,0.0,60
1.0,1440,0.0,20.0,1.0,0.0,60
1.0,1440,0.0,50.0,1.0,0.0,60
1.0,1440,0.0,100.0,1.0,0.0,60
1.0,1440,0.5,0.02,0.0,0.0,60
1.0,1440,0.5,0.05,0.0,0.0,60
1.0,1440,0.5,0.1,0.0,0.0,60
1.0,1440,0.5,0.2,0.15,0.0,60
1.0,1440,0.5,0.5,1.0,0.0,60
1.0,1440,0.5,1.0,1.0,0.0,60
1.0,1440,0.5,2.0,1.0,0.0,60
1.0,1440,0.5,5.0,1.0,0.0,60
1.0,1440,0.5,10.0,1.0,0.0,60
1.0,1440,0.5,20.0,1.0,0.0,60
1.0,1440,0.5,50.0,1.0,0.0,60
1.0,1440,0.5,100.0,1.0,0.0,60
1.0,1440,0.9,0.02,0.0,0.0,60
1.0,1440,0.9,0.05,0.0,0.0,60
1.0,1440,0.9,0.1,0.0,0.0,60
1.0,1440,0.9,0.2,0.0,0.0,60
1.0,1440,0.9,0.5,0.5666666666666667,0.0,60
1.0,1440,0.9,1.0,1.0,0.0,60
1.0,1440,0.9,2.0,1.0,0.0,60
1.0,1440,0.9,5.0,1.0,0.0,60
1.0,1440,0.9,10.0,1.0,0.0,60
1.0,1440,0.9,20.0,1.0,0.0,60
1.0,1440,0.9,50.0,1.0,0.0,60
1.0,1440,0.9,100.0,1.0,0.0,60
1.0,1440,0.95,0.02,0.0,0.0,60
1.0,1440,0.95,0.05,0.0,0.0,60
1.0,1440,0.95,0.1,0.0,0.0,60
1.0,1440,0.95,0.2,0.0,0.0,60
1.0,1440,0.95,0.5,0.4666666666666667,0.0,60
1.0,1440,0.95,1.0,1.0,0.0,60
1.0,1440,0.95,2.0,1.0,0.0,60
1.0,1440,0.95,5.0,1.0,0.0,60
1.0,1440,0.95,10.0,1.0,0.0,60
1.0,1440,0.95,20.0,1.0,0.0,60
1.0,1440,0.95,50.0,1.0,0.0,60
1.0,1440,0.95,100.0,1.0,0.0,60
1.0,144,0.0,0.02,0.0,0.016666666666666666,60
1.0,144,0.0,0.05,0.0,0.016666666666666666,60
1.0,144,0.0,0.1,0.0,0.016666666666666666,60
1.0,144,0.0,0.2,0.0,0.016666666666666666,60
1.0,144,0.0,0.5,0.0,0.016666666666666666,60
1.0,144,0.0,1.0,0.5,0.016666666666666666,60
1.0,144,0.0,2.0,1.0,0.016666666666666666,60
1.0,144,0.0,5.0,1.0,0.016666666666666666,60
1.0,144,0.0,10.0,1.0,0.016666666666666666,60
1.0,144,0.0,20.0,1.0,0.016666666666666666,60
1.0,144,0.0,50.0,1.0,0.016666666666666666,60
1.0,144,0.0,100.0,1.0,0.016666666666666666,60
1.0,144,0.5,0.02,0.0,0.016666666666666666,60
1.0,144,0.5,0.05,0.0,0.016666666666666666,60
1.0,144,0.5,0.1,0.0,0.016666666666666666,60
1.0,144,0.5,0.2,0.0,0.016666666666666666,60
1.0,144,0.5,0.5,0.0,0.016666666666666666,60
1.0,144,0.5,1.0,0.2833333333333333,0.016666666666666666,60
1.0,144,0.5,2.0,1.0,0.016666666666666666,60
1.0,144,0.5,5.0,1.0,0.016666666666666666,60
1.0,144,0.5,10.0,1.0,0.016666666666666666,60
1.0,144,0.5,20.0,1.0,0.016666666666666666,60
1.0,144,0.5,50.0,1.0,0.016666666666666666,60
1.0,144,0.5,100.0,1.0,0.016666666666666666,60
1.0,144,0.9,0.02,0.0,0.016666666666666666,60
1.0,144,0.9,0.05,0.0,0.016666666666666666,60
1.0,144,0.9,0.1,0.0,0.016666666666666666,60
1.0,144,0.9,0.2,0.0,0.016666666666666666,60
1.0,144,0.9,0.5,0.0,0.016666666666666666,60
1.0,144,0.9,1.0,0.5,0.016666666666666666,60
1.0,144,0.9,2.0,1.0,0.016666666666666666,60
1.0,144,0.9,5.0,1.0,0.016666666666666666,60
1.0,144,0.9,10.0,1.0,0.016666666666666666,60
1.0,144,0.9,20.0,1.0,0.016666666666666666,60
1.0,144,0.9,50.0,1.0,0.016666666666666666,60
1.0,144,0.9,100.0,1.0,0.016666666666666666,60
1.0,144,0.95,0.02,0.0,0.016666666666666666,60
1.0,144,0.95,0.05,0.0,0.016666666666666666,60
1.0,144,0.95,0.1,0.0,0.016666666666666666,60
1.0,144,0.95,0.2,0.0,0.016666666666666666,60
1.0,144,0.95,0.5,0.0,0.016666666666666666,60
1.0,144,0.95,1.0,0.5666666666666667,0.016666666666666666,60
1.0,144,0.95,2.0,1.0,0.016666666666666666,60
1.0,144,0.95,5.0,1.0,0.016666666666666666,60
1.0,144,0.95,10.0,1.0,0.016666666666666666,60
1.0,144,0.95,20.0,1.0,0.016666666666666666,60
1.0,144,0.95,50.0,1.0,0.016666666666666666,60
1.0,144,0.95,100.0,1.0,0.016666666666666666,60
1.0,24,0.0,0.02,0.0,0.0,60
1.0,24,0.0,0.05,0.0,0.0,60
1.0,24,0.0,0.1,0.0,0.0,60
1.0,24,0.0,0.2,0.0,0.0,60
1.0,24,0.0,0.5,0.0,0.0,60
1.0,24,0.0,1.0,0.0,0.0,60
1.0,24,0.0,2.0,0.0,0.0,60
1.0,24,0.0,5.0,0.0,0.0,60
1.0,24,0.0,10.0,0.0,0.0,60
1.0,24,0.0,20.0,1.0,0.0,60
1.0,24,0.0,50.0,1.0,0.0,60
1.0,24,0.0,100.0,1.0,0.0,60
1.0,24,0.5,0.02,0.0,0.0,60
1.0,24,0.5,0.05,0.0,0.0,60
1.0,24,0.5,0.1,0.0,0.0,60
1.0,24,0.5,0.2,0.0,0.0,60
1.0,24,0.5,0.5,0.0,0.0,60
1.0,24,0.5,1.0,0.0,0.0,60
1.0,24,0.5,2.0,0.0,0.0,60
1.0,24,0.5,5.0,0.0,0.0,60
1.0,24,0.5,10.0,0.016666666666666666,0.0,60
1.0,24,0.5,20.0,1.0,0.0,60
1.0,24,0.5,50.0,1.0,0.0,60
1.0,24,0.5,100.0,1.0,0.0,60
1.0,24,0.9,0.02,0.0,0.0,60
1.0,24,0.9,0.05,0.0,0.0,60
1.0,24,0.9,0.1,0.0,0.0,60
1.0,24,0.9,0.2,0.0,0.0,60
1.0,24,0.9,0.5,0.0,0.0,60
1.0,24,0.9,1.0,0.0,0.0,60
1.0,24,0.9,2.0,0.0,0.0,60
1.0,24,0.9,5.0,0.0,0.0,60
1.0,24,0.9,10.0,0.0,0.0,60
1.0,24,0.9,20.0,1.0,0.0,60
1.0,24,0.9,50.0,1.0,0.0,60
1.0,24,0.9,100.0,1.0,0.0,60
1.0,24,0.95,0.02,0.0,0.0,60
1.0,24,0.95,0.05,0.0,0.0,60
1.0,24,0.95,0.1,0.0,0.0,60
1.0,24,0.95,0.2,0.0,0.0,60
1.0,24,0.95,0.5,0.0,0.0,60
1.0,24,0.95,1.0,0.0,0.0,60
1.0,24,0.95,2.0,0.0,0.0,60
1.0,24,0.95,5.0,0.0,0.0,60
1.0,24,0.95,10.0,0.0,0.0,60
1.0,24,0.95,20.0,1.0,0.0,60
1.0,24,0.95,50.0,1.0,0.0,60
1.0,24,0.95,100.0,1.0,0.0,60
1.0,4,0.0,0.02,0.0,0.0,60
1.0,4,0.0,0.05,0.0,0.0,60
1.0,4,0.0,0.1,0.0,0.0,60
1.0,4,0.0,0.2,0.0,0.0,60
1.0,4,0.0,0.5,0.0,0.0,60
1.0,4,0.0,1.0,0.0,0.0,60
1.0,4,0.0,2.0,0.0,0.0,60
1.0,4,0.0,5.0,0.0,0.0,60
1.0,4,0.0,10.0,0.08333333333333333,0.0,60
1.0,4,0.0,20.0,0.85,0.0,60
1.0,4,0.0,50.0,1.0,0.0,60
1.0,4,0.0,100.0,1.0,0.0,60
1.0,4,0.5,0.02,0.0,0.0,60
1.0,4,0.5,0.05,0.0,0.0,60
1.0,4,0.5,0.1,0.0,0.0,60
1.0,4,0.5,0.2,0.0,0.0,60
1.0,4,0.5,0.5,0.0,0.0,60
1.0,4,0.5,1.0,0.0,0.0,60
1.0,4,0.5,2.0,0.0,0.0,60
1.0,4,0.5,5.0,0.0,0.0,60
1.0,4,0.5,10.0,0.1,0.0,60
1.0,4,0.5,20.0,0.95,0.0,60
1.0,4,0.5,50.0,1.0,0.0,60
1.0,4,0.5,100.0,1.0,0.0,60
1.0,4,0.9,0.02,0.0,0.0,60
1.0,4,0.9,0.05,0.0,0.0,60
1.0,4,0.9,0.1,0.0,0.0,60
1.0,4,0.9,0.2,0.0,0.0,60
1.0,4,0.9,0.5,0.0,0.0,60
1.0,4,0.9,1.0,0.0,0.0,60
1.0,4,0.9,2.0,0.0,0.0,60
1.0,4,0.9,5.0,0.0,0.0,60
1.0,4,0.9,10.0,0.1,0.0,60
1.0,4,0.9,20.0,0.9166666666666666,0.0,60
1.0,4,0.9,50.0,1.0,0.0,60
1.0,4,0.9,100.0,1.0,0.0,60
1.0,4,0.95,0.02,0.0,0.0,60
1.0,4,0.95,0.05,0.0,0.0,60
1.0,4,0.95,0.1,0.0,0.0,60
1.0,4,0.95,0.2,0.0,0.0,60
1.0,4,0.95,0.5,0.0,0.0,60
1.0,4,0.95,1.0,0.0,0.0,60
1.0,4,0.95,2.0,0.0,0.0,60
1.0,4,0.95,5.0,0.0,0.0,60
1.0,4,0.95,10.0,0.1,0.0,60
1.0,4,0.95,20.0,0.9166666666666666,0.0,60
1.0,4,0.95,50.0,1.0,0.0,60
1.0,4,0.95,100.0,1.0,0.0,60
1.0,2,0.0,0.02,0.0,0.03333333333333333,60
1.0,2,0.0,0.05,0.0,0.03333333333333333,60
1.0,2,0.0,0.1,0.0,0.03333333333333333,60
1.0,2,0.0,0.2,0.0,0.03333333333333333,60
1.0,2,0.0,0.5,0.0,0.03333333333333333,60
1.0,2,0.0,1.0,0.0,0.03333333333333333,60
1.0,2,0.0,2.0,0.0,0.03333333333333333,60
1.0,2,0.0,5.0,0.016666666666666666,0.03333333333333333,60
1.0,2,0.0,10.0,0.15,0.03333333333333333,60
1.0,2,0.0,20.0,0.7833333333333333,0.03333333333333333,60
1.0,2,0.0,50.0,1.0,0.03333333333333333,60
1.0,2,0.0,100.0,1.0,0.03333333333333333,60
1.0,2,0.5,0.02,0.0,0.03333333333333333,60
1.0,2,0.5,0.05,0.0,0.03333333333333333,60
1.0,2,0.5,0.1,0.0,0.03333333333333333,60
1.0,2,0.5,0.2,0.0,0.03333333333333333,60
1.0,2,0.5,0.5,0.0,0.03333333333333333,60
1.0,2,0.5,1.0,0.0,0.03333333333333333,60
1.0,2,0.5,2.0,0.0,0.03333333333333333,60
1.0,2,0.5,5.0,0.016666666666666666,0.03333333333333333,60
1.0,2,0.5,10.0,0.1,0.03333333333333333,60
1.0,2,0.5,20.0,0.6666666666666666,0.03333333333333333,60
1.0,2,0.5,50.0,1.0,0.03333333333333333,60
1.0,2,0.5,100.0,1.0,0.03333333333333333,60
1.0,2,0.9,0.02,0.0,0.0,60
1.0,2,0.9,0.05,0.0,0.0,60
1.0,2,0.9,0.1,0.0,0.0,60
1.0,2,0.9,0.2,0.0,0.0,60
1.0,2,0.9,0.5,0.0,0.0,60
1.0,2,0.9,1.0,0.0,0.0,60
1.0,2,0.9,2.0,0.0,0.0,60
1.0,2,0.9,5.0,0.0,0.0,60
1.0,2,0.9,10.0,0.06666666666666667,0.0,60
1.0,2,0.9,20.0,0.5833333333333334,0.0,60
1.0,2,0.9,50.0,1.0,0.0,60
1.0,2,0.9,100.0,1.0,0.0,60
1.0,2,0.95,0.02,0.016666666666666666,0.05,60
1.0,2,0.95,0.05,0.016666666666666666,0.05,60
1.0,2,0.95,0.1,0.016666666666666666,0.05,60
1.0,2,0.95,0.2,0.016666666666666666,0.05,60
1.0,2,0.95,0.5,0.016666666666666666,0.05,60
1.0,2,0.95,1.0,0.016666666666666666,0.05,60
1.0,2,0.95,2.0,0.016666666666666666,0.05,60
1.0,2,0.95,5.0,0.016666666666666666,0.05,60
1.0,2,0.95,10.0,0.15,0.05,60
1.0,2,0.95,20.0,0.6666666666666666,0.05,60
1.0,2,0.95,50.0,1.0,0.05,60
1.0,2,0.95,100.0,1.0,0.05,60
1.0,1,0.0,0.02,0.0,0.0,60
1.0,1,0.0,0.05,0.0,0.0,60
1.0,1,0.0,0.1,0.0,0.0,60
1.0,1,0.0,0.2,0.0,0.0,60
1.0,1,0.0,0.5,0.0,0.0,60
1.0,1,0.0,1.0,0.016666666666666666,0.0,60
1.0,1,0.0,2.0,0.0,0.0,60
1.0,1,0.0,5.0,0.05,0.0,60
1.0,1,0.0,10.0,0.08333333333333333,0.0,60
1.0,1,0.0,20.0,0.38333333333333336,0.0,60
1.0,1,0.0,50.0,0.9833333333333333,0.0,60
1.0,1,0.0,100.0,1.0,0.0,60
1.0,1,0.5,0.02,0.0,0.016666666666666666,60
1.0,1,0.5,0.05,0.0,0.016666666666666666,60
1.0,1,0.5,0.1,0.0,0.016666666666666666,60
1.0,1,0.5,0.2,0.0,0.016666666666666666,60
1.0,1,0.5,0.5,0.0,0.016666666666666666,60
1.0,1,0.5,1.0,0.0,0.016666666666666666,60
1.0,1,0.5,2.0,0.016666666666666666,0.016666666666666666,60
1.0,1,0.5,5.0,0.016666666666666666,0.016666666666666666,60
1.0,1,0.5,10.0,0.05,0.016666666666666666,60
1.0,1,0.5,20.0,0.4166666666666667,0.016666666666666666,60
1.0,1,0.5,50.0,0.9666666666666667,0.016666666666666666,60
1.0,1,0.5,100.0,1.0,0.016666666666666666,60
1.0,1,0.9,0.02,0.016666666666666666,0.03333333333333333,60
1.0,1,0.9,0.05,0.016666666666666666,0.03333333333333333,60
1.0,1,0.9,0.1,0.016666666666666666,0.03333333333333333,60
1.0,1,0.9,0.2,0.016666666666666666,0.03333333333333333,60
1.0,1,0.9,0.5,0.0,0.03333333333333333,60
1.0,1,0.9,1.0,0.0,0.03333333333333333,60
1.0,1,0.9,2.0,0.0,0.03333333333333333,60
1.0,1,0.9,5.0,0.03333333333333333,0.03333333333333333,60
1.0,1,0.9,10.0,0.06666666666666667,0.03333333333333333,60
1.0,1,0.9,20.0,0.3333333333333333,0.03333333333333333,60
1.0,1,0.9,50.0,0.9333333333333333,0.03333333333333333,60
1.0,1,0.9,100.0,1.0,0.03333333333333333,60
1.0,1,0.95,0.02,0.016666666666666666,0.03333333333333333,60
1.0,1,0.95,0.05,0.016666666666666666,0.03333333333333333,60
1.0,1,0.95,0.1,0.016666666666666666,0.03333333333333333,60
1.0,1,0.95,0.2,0.016666666666666666,0.03333333333333333,60
1.0,1,0.95,0.5,0.016666666666666666,0.03333333333333333,60
1.0,1,0.95,1.0,0.016666666666666666,0.03333333333333333,60
1.0,1,0.95,2.0,0.016666666666666666,0.03333333333333333,60
1.0,1,0.95,5.0,0.016666666666666666,0.03333333333333333,60
1.0,1,0.95,10.0,0.15,0.03333333333333333,60
1.0,1,0.95,20.0,0.4166666666666667,0.03333333333333333,60
1.0,1,0.95,50.0,0.9833333333333333,0.03333333333333333,60
1.0,1,0.95,100.0,1.0,0.03333333333333333,60
3.0,8640,0.0,0.02,0.0,0.0,60
3.0,8640,0.0,0.05,0.0,0.0,60
3.0,8640,0.0,0.1,0.0,0.0,60
3.0,8640,0.0,0.2,0.9333333333333333,0.0,60
3.0,8640,0.0,0.5,1.0,0.0,60
3.0,8640,0.0,1.0,1.0,0.0,60
3.0,8640,0.0,2.0,1.0,0.0,60
3.0,8640,0.0,5.0,1.0,0.0,60
3.0,8640,0.0,10.0,1.0,0.0,60
3.0,8640,0.0,20.0,1.0,0.0,60
3.0,8640,0.0,50.0,1.0,0.0,60
3.0,8640,0.0,100.0,1.0,0.0,60
3.0,8640,0.5,0.02,0.0,0.0,60
3.0,8640,0.5,0.05,0.0,0.0,60
3.0,8640,0.5,0.1,0.0,0.0,60
3.0,8640,0.5,0.2,0.1,0.0,60
3.0,8640,0.5,0.5,1.0,0.0,60
3.0,8640,0.5,1.0,1.0,0.0,60
3.0,8640,0.5,2.0,1.0,0.0,60
3.0,8640,0.5,5.0,1.0,0.0,60
3.0,8640,0.5,10.0,1.0,0.0,60
3.0,8640,0.5,20.0,1.0,0.0,60
3.0,8640,0.5,50.0,1.0,0.0,60
3.0,8640,0.5,100.0,1.0,0.0,60
3.0,8640,0.9,0.02,0.0,0.0,60
3.0,8640,0.9,0.05,0.0,0.0,60
3.0,8640,0.9,0.1,0.0,0.0,60
3.0,8640,0.9,0.2,0.0,0.0,60
3.0,8640,0.9,0.5,0.08333333333333333,0.0,60
3.0,8640,0.9,1.0,1.0,0.0,60
3.0,8640,0.9,2.0,1.0,0.0,60
3.0,8640,0.9,5.0,1.0,0.0,60
3.0,8640,0.9,10.0,1.0,0.0,60
3.0,8640,0.9,20.0,1.0,0.0,60
3.0,8640,0.9,50.0,1.0,0.0,60
3.0,8640,0.9,100.0,1.0,0.0,60
3.0,8640,0.95,0.02,0.0,0.0,60
3.0,8640,0.95,0.05,0.0,0.0,60
3.0,8640,0.95,0.1,0.0,0.0,60
3.0,8640,0.95,0.2,0.0,0.0,60
3.0,8640,0.95,0.5,0.016666666666666666,0.0,60
3.0,8640,0.95,1.0,0.7333333333333333,0.0,60
3.0,8640,0.95,2.0,1.0,0.0,60
3.0,8640,0.95,5.0,1.0,0.0,60
3.0,8640,0.95,10.0,1.0,0.0,60
3.0,8640,0.95,20.0,1.0,0.0,60
3.0,8640,0.95,50.0,1.0,0.0,60
3.0,8640,0.95,100.0,1.0,0.0,60
3.0,1440,0.0,0.02,0.0,0.0,60
3.0,1440,0.0,0.05,0.0,0.0,60
3.0,1440,0.0,0.1,0.0,0.0,60
3.0,1440,0.0,0.2,0.0,0.0,60
3.0,1440,0.0,0.5,0.9666666666666667,0.0,60
3.0,1440,0.0,1.0,1.0,0.0,60
3.0,1440,0.0,2.0,1.0,0.0,60
3.0,1440,0.0,5.0,1.0,0.0,60
3.0,1440,0.0,10.0,1.0,0.0,60
3.0,1440,0.0,20.0,1.0,0.0,60
3.0,1440,0.0,50.0,1.0,0.0,60
3.0,1440,0.0,100.0,1.0,0.0,60
3.0,1440,0.5,0.02,0.0,0.0,60
3.0,1440,0.5,0.05,0.0,0.0,60
3.0,1440,0.5,0.1,0.0,0.0,60
3.0,1440,0.5,0.2,0.0,0.0,60
3.0,1440,0.5,0.5,0.18333333333333332,0.0,60
3.0,1440,0.5,1.0,1.0,0.0,60
3.0,1440,0.5,2.0,1.0,0.0,60
3.0,1440,0.5,5.0,1.0,0.0,60
3.0,1440,0.5,10.0,1.0,0.0,60
3.0,1440,0.5,20.0,1.0,0.0,60
3.0,1440,0.5,50.0,1.0,0.0,60
3.0,1440,0.5,100.0,1.0,0.0,60
3.0,1440,0.9,0.02,0.0,0.0,60
3.0,1440,0.9,0.05,0.0,0.0,60
3.0,1440,0.9,0.1,0.0,0.0,60
3.0,1440,0.9,0.2,0.0,0.0,60
3.0,1440,0.9,0.5,0.0,0.0,60
3.0,1440,0.9,1.0,0.06666666666666667,0.0,60
3.0,1440,0.9,2.0,1.0,0.0,60
3.0,1440,0.9,5.0,1.0,0.0,60
3.0,1440,0.9,10.0,1.0,0.0,60
3.0,1440,0.9,20.0,1.0,0.0,60
3.0,1440,0.9,50.0,1.0,0.0,60
3.0,1440,0.9,100.0,1.0,0.0,60
3.0,1440,0.95,0.02,0.0,0.0,60
3.0,1440,0.95,0.05,0.0,0.0,60
3.0,1440,0.95,0.1,0.0,0.0,60
3.0,1440,0.95,0.2,0.0,0.0,60
3.0,1440,0.95,0.5,0.0,0.0,60
3.0,1440,0.95,1.0,0.03333333333333333,0.0,60
3.0,1440,0.95,2.0,0.9333333333333333,0.0,60
3.0,1440,0.95,5.0,1.0,0.0,60
3.0,1440,0.95,10.0,1.0,0.0,60
3.0,1440,0.95,20.0,1.0,0.0,60
3.0,1440,0.95,50.0,1.0,0.0,60
3.0,1440,0.95,100.0,1.0,0.0,60
3.0,144,0.0,0.02,0.0,0.0,60
3.0,144,0.0,0.05,0.0,0.0,60
3.0,144,0.0,0.1,0.0,0.0,60
3.0,144,0.0,0.2,0.0,0.0,60
3.0,144,0.0,0.5,0.0,0.0,60
3.0,144,0.0,1.0,0.016666666666666666,0.0,60
3.0,144,0.0,2.0,0.9166666666666666,0.0,60
3.0,144,0.0,5.0,1.0,0.0,60
3.0,144,0.0,10.0,1.0,0.0,60
3.0,144,0.0,20.0,1.0,0.0,60
3.0,144,0.0,50.0,1.0,0.0,60
3.0,144,0.0,100.0,1.0,0.0,60
3.0,144,0.5,0.02,0.0,0.0,60
3.0,144,0.5,0.05,0.0,0.0,60
3.0,144,0.5,0.1,0.0,0.0,60
3.0,144,0.5,0.2,0.0,0.0,60
3.0,144,0.5,0.5,0.0,0.0,60
3.0,144,0.5,1.0,0.0,0.0,60
3.0,144,0.5,2.0,0.7166666666666667,0.0,60
3.0,144,0.5,5.0,1.0,0.0,60
3.0,144,0.5,10.0,1.0,0.0,60
3.0,144,0.5,20.0,1.0,0.0,60
3.0,144,0.5,50.0,1.0,0.0,60
3.0,144,0.5,100.0,1.0,0.0,60
3.0,144,0.9,0.02,0.0,0.0,60
3.0,144,0.9,0.05,0.0,0.0,60
3.0,144,0.9,0.1,0.0,0.0,60
3.0,144,0.9,0.2,0.0,0.0,60
3.0,144,0.9,0.5,0.0,0.0,60
3.0,144,0.9,1.0,0.0,0.0,60
3.0,144,0.9,2.0,0.9666666666666667,0.0,60
3.0,144,0.9,5.0,1.0,0.0,60
3.0,144,0.9,10.0,1.0,0.0,60
3.0,144,0.9,20.0,1.0,0.0,60
3.0,144,0.9,50.0,1.0,0.0,60
3.0,144,0.9,100.0,1.0,0.0,60
3.0,144,0.95,0.02,0.0,0.0,60
3.0,144,0.95,0.05,0.0,0.0,60
3.0,144,0.95,0.1,0.0,0.0,60
3.0,144,0.95,0.2,0.0,0.0,60
3.0,144,0.95,0.5,0.0,0.0,60
3.0,144,0.95,1.0,0.11666666666666667,0.0,60
3.0,144,0.95,2.0,1.0,0.0,60
3.0,144,0.95,5.0,1.0,0.0,60
3.0,144,0.95,10.0,1.0,0.0,60
3.0,144,0.95,20.0,1.0,0.0,60
3.0,144,0.95,50.0,1.0,0.0,60
3.0,144,0.95,100.0,1.0,0.0,60
3.0,24,0.0,0.02,0.0,0.0,60
3.0,24,0.0,0.05,0.0,0.0,60
3.0,24,0.0,0.1,0.0,0.0,60
3.0,24,0.0,0.2,0.0,0.0,60
3.0,24,0.0,0.5,0.0,0.0,60
3.0,24,0.0,1.0,0.0,0.0,60
3.0,24,0.0,2.0,0.0,0.0,60
3.0,24,0.0,5.0,0.0,0.0,60
3.0,24,0.0,10.0,0.0,0.0,60
3.0,24,0.0,20.0,0.9666666666666667,0.0,60
3.0,24,0.0,50.0,1.0,0.0,60
3.0,24,0.0,100.0,1.0,0.0,60
3.0,24,0.5,0.02,0.0,0.0,60
3.0,24,0.5,0.05,0.0,0.0,60
3.0,24,0.5,0.1,0.0,0.0,60
3.0,24,0.5,0.2,0.0,0.0,60
3.0,24,0.5,0.5,0.0,0.0,60
3.0,24,0.5,1.0,0.0,0.0,60
3.0,24,0.5,2.0,0.0,0.0,60
3.0,24,0.5,5.0,0.0,0.0,60
3.0,24,0.5,10.0,0.016666666666666666,0.0,60
3.0,24,0.5,20.0,0.95,0.0,60
3.0,24,0.5,50.0,1.0,0.0,60
3.0,24,0.5,100.0,1.0,0.0,60
3.0,24,0.9,0.02,0.0,0.0,60
3.0,24,0.9,0.05,0.0,0.0,60
3.0,24,0.9,0.1,0.0,0.0,60
3.0,24,0.9,0.2,0.0,0.0,60
3.0,24,0.9,0.5,0.0,0.0,60
3.0,24,0.9,1.0,0.0,0.0,60
3.0,24,0.9,2.0,0.0,0.0,60
3.0,24,0.9,5.0,0.0,0.0,60
3.0,24,0.9,10.0,0.016666666666666666,0.0,60
3.0,24,0.9,20.0,1.0,0.0,60
3.0,24,0.9,50.0,1.0,0.0,60
3.0,24,0.9,100.0,1.0,0.0,60
3.0,24,0.95,0.02,0.0,0.0,60
3.0,24,0.95,0.05,0.0,0.0,60
3.0,24,0.95,0.1,0.0,0.0,60
3.0,24,0.95,0.2,0.0,0.0,60
3.0,24,0.95,0.5,0.0,0.0,60
3.0,24,0.95,1.0,0.0,0.0,60
3.0,24,0.95,2.0,0.0,0.0,60
3.0,24,0.95,5.0,0.0,0.0,60
3.0,24,0.95,10.0,0.0,0.0,60
3.0,24,0.95,20.0,0.9833333333333333,0.0,60
3.0,24,0.95,50.0,1.0,0.0,60
3.0,24,0.95,100.0,1.0,0.0,60
3.0,4,0.0,0.02,0.0,0.0,60
3.0,4,0.0,0.05,0.0,0.0,60
3.0,4,0.0,0.1,0.0,0.0,60
3.0,4,0.0,0.2,0.0,0.0,60
3.0,4,0.0,0.5,0.0,0.0,60
3.0,4,0.0,1.0,0.0,0.0,60
3.0,4,0.0,2.0,0.0,0.0,60
3.0,4,0.0,5.0,0.0,0.0,60
3.0,4,0.0,10.0,0.11666666666666667,0.0,60
3.0,4,0.0,20.0,0.9333333333333333,0.0,60
3.0,4,0.0,50.0,1.0,0.0,60
3.0,4,0.0,100.0,1.0,0.0,60
3.0,4,0.5,0.02,0.0,0.0,60
3.0,4,0.5,0.05,0.0,0.0,60
3.0,4,0.5,0.1,0.0,0.0,60
3.0,4,0.5,0.2,0.0,0.0,60
3.0,4,0.5,0.5,0.0,0.0,60
3.0,4,0.5,1.0,0.0,0.0,60
3.0,4,0.5,2.0,0.0,0.0,60
3.0,4,0.5,5.0,0.0,0.0,60
3.0,4,0.5,10.0,0.13333333333333333,0.0,60
3.0,4,0.5,20.0,0.8333333333333334,0.0,60
3.0,4,0.5,50.0,1.0,0.0,60
3.0,4,0.5,100.0,1.0,0.0,60
3.0,4,0.9,0.02,0.0,0.0,60
3.0,4,0.9,0.05,0.0,0.0,60
3.0,4,0.9,0.1,0.0,0.0,60
3.0,4,0.9,0.2,0.0,0.0,60
3.0,4,0.9,0.5,0.0,0.0,60
3.0,4,0.9,1.0,0.0,0.0,60
3.0,4,0.9,2.0,0.0,0.0,60
3.0,4,0.9,5.0,0.0,0.0,60
3.0,4,0.9,10.0,0.06666666666666667,0.0,60
3.0,4,0.9,20.0,0.9166666666666666,0.0,60
3.0,4,0.9,50.0,1.0,0.0,60
3.0,4,0.9,100.0,1.0,0.0,60
3.0,4,0.95,0.02,0.0,0.0,60
3.0,4,0.95,0.05,0.0,0.0,60
3.0,4,0.95,0.1,0.0,0.0,60
3.0,4,0.95,0.2,0.0,0.0,60
3.0,4,0.95,0.5,0.0,0.0,60
3.0,4,0.95,1.0,0.0,0.0,60
3.0,4,0.95,2.0,0.0,0.0,60
3.0,4,0.95,5.0,0.016666666666666666,0.0,60
3.0,4,0.95,10.0,0.16666666666666666,0.0,60
3.0,4,0.95,20.0,0.8833333333333333,0.0,60
3.0,4,0.95,50.0,1.0,0.0,60
3.0,4,0.95,100.0,1.0,0.0,60
3.0,2,0.0,0.02,0.0,0.0,60
3.0,2,0.0,0.05,0.0,0.0,60
3.0,2,0.0,0.1,0.0,0.0,60
3.0,2,0.0,0.2,0.0,0.0,60
3.0,2,0.0,0.5,0.0,0.0,60
3.0,2,0.0,1.0,0.0,0.0,60
3.0,2,0.0,2.0,0.0,0.0,60
3.0,2,0.0,5.0,0.016666666666666666,0.0,60
3.0,2,0.0,10.0,0.15,0.0,60
3.0,2,0.0,20.0,0.6833333333333333,0.0,60
3.0,2,0.0,50.0,1.0,0.0,60
3.0,2,0.0,100.0,1.0,0.0,60
3.0,2,0.5,0.02,0.0,0.0,60
3.0,2,0.5,0.05,0.0,0.0,60
3.0,2,0.5,0.1,0.0,0.0,60
3.0,2,0.5,0.2,0.0,0.0,60
3.0,2,0.5,0.5,0.0,0.0,60
3.0,2,0.5,1.0,0.0,0.0,60
3.0,2,0.5,2.0,0.0,0.0,60
3.0,2,0.5,5.0,0.016666666666666666,0.0,60
3.0,2,0.5,10.0,0.11666666666666667,0.0,60
3.0,2,0.5,20.0,0.65,0.0,60
3.0,2,0.5,50.0,1.0,0.0,60
3.0,2,0.5,100.0,1.0,0.0,60
3.0,2,0.9,0.02,0.0,0.0,60
3.0,2,0.9,0.05,0.0,0.0,60
3.0,2,0.9,0.1,0.0,0.0,60
3.0,2,0.9,0.2,0.0,0.0,60
3.0,2,0.9,0.5,0.016666666666666666,0.0,60
3.0,2,0.9,1.0,0.016666666666666666,0.0,60
3.0,2,0.9,2.0,0.016666666666666666,0.0,60
3.0,2,0.9,5.0,0.016666666666666666,0.0,60
3.0,2,0.9,10.0,0.1,0.0,60
3.0,2,0.9,20.0,0.5666666666666667,0.0,60
3.0,2,0.9,50.0,1.0,0.0,60
3.0,2,0.9,100.0,1.0,0.0,60
3.0,2,0.95,0.02,0.0,0.0,60
3.0,2,0.95,0.05,0.0,0.0,60
3.0,2,0.95,0.1,0.0,0.0,60
3.0,2,0.95,0.2,0.0,0.0,60
3.0,2,0.95,0.5,0.0,0.0,60
3.0,2,0.95,1.0,0.0,0.0,60
3.0,2,0.95,2.0,0.0,0.0,60
3.0,2,0.95,5.0,0.0,0.0,60
3.0,2,0.95,10.0,0.15,0.0,60
3.0,2,0.95,20.0,0.65,0.0,60
3.0,2,0.95,50.0,1.0,0.0,60
3.0,2,0.95,100.0,1.0,0.0,60
3.0,1,0.0,0.02,0.0,0.016666666666666666,60
3.0,1,0.0,0.05,0.0,0.016666666666666666,60
3.0,1,0.0,0.1,0.0,0.016666666666666666,60
3.0,1,0.0,0.2,0.0,0.016666666666666666,60
3.0,1,0.0,0.5,0.0,0.016666666666666666,60
3.0,1,0.0,1.0,0.0,0.016666666666666666,60
3.0,1,0.0,2.0,0.0,0.016666666666666666,60
3.0,1,0.0,5.0,0.0,0.016666666666666666,60
3.0,1,0.0,10.0,0.03333333333333333,0.016666666666666666,60
3.0,1,0.0,20.0,0.3333333333333333,0.016666666666666666,60
3.0,1,0.0,50.0,0.9833333333333333,0.016666666666666666,60
3.0,1,0.0,100.0,1.0,0.016666666666666666,60
3.0,1,0.5,0.02,0.016666666666666666,0.016666666666666666,60
3.0,1,0.5,0.05,0.016666666666666666,0.016666666666666666,60
3.0,1,0.5,0.1,0.016666666666666666,0.016666666666666666,60
3.0,1,0.5,0.2,0.016666666666666666,0.016666666666666666,60
3.0,1,0.5,0.5,0.016666666666666666,0.016666666666666666,60
3.0,1,0.5,1.0,0.016666666666666666,0.016666666666666666,60
3.0,1,0.5,2.0,0.016666666666666666,0.016666666666666666,60
3.0,1,0.5,5.0,0.03333333333333333,0.016666666666666666,60
3.0,1,0.5,10.0,0.08333333333333333,0.016666666666666666,60
3.0,1,0.5,20.0,0.3,0.016666666666666666,60
3.0,1,0.5,50.0,0.9833333333333333,0.016666666666666666,60
3.0,1,0.5,100.0,1.0,0.016666666666666666,60
3.0,1,0.9,0.02,0.016666666666666666,0.05,60
3.0,1,0.9,0.05,0.016666666666666666,0.05,60
3.0,1,0.9,0.1,0.016666666666666666,0.05,60
3.0,1,0.9,0.2,0.016666666666666666,0.05,60
3.0,1,0.9,0.5,0.0,0.05,60
3.0,1,0.9,1.0,0.0,0.05,60
3.0,1,0.9,2.0,0.0,0.05,60
3.0,1,0.9,5.0,0.0,0.05,60
3.0,1,0.9,10.0,0.08333333333333333,0.05,60
3.0,1,0.9,20.0,0.36666666666666664,0.05,60
3.0,1,0.9,50.0,0.9833333333333333,0.05,60
3.0,1,0.9,100.0,1.0,0.05,60
3.0,1,0.95,0.02,0.05,0.08333333333333333,60
3.0,1,0.95,0.05,0.05,0.08333333333333333,60
3.0,1,0.95,0.1,0.05,0.08333333333333333,60
3.0,1,0.95,0.2,0.05,0.08333333333333333,60
3.0,1,0.95,0.5,0.05,0.08333333333333333,60
3.0,1,0.95,1.0,0.03333333333333333,0.08333333333333333,60
3.0,1,0.95,2.0,0.016666666666666666,0.08333333333333333,60
3.0,1,0.95,5.0,0.03333333333333333,0.08333333333333333,60
3.0,1,0.95,10.0,0.08333333333333333,0.08333333333333333,60
3.0,1,0.95,20.0,0.38333333333333336,0.08333333333333333,60
3.0,1,0.95,50.0,0.9166666666666666,0.08333333333333333,60
3.0,1,0.95,100.0,1.0,0.08333333333333333,60
10.0,8640,0.0,0.02,0.0,0.0,60
10.0,8640,0.0,0.05,0.0,0.0,60
10.0,8640,0.0,0.1,0.0,0.0,60
10.0,8640,0.0,0.2,0.0,0.0,60
10.0,8640,0.0,0.5,0.4666666666666667,0.0,60
10.0,8640,0.0,1.0,1.0,0.0,60
10.0,8640,0.0,2.0,1.0,0.0,60
10.0,8640,0.0,5.0,1.0,0.0,60
10.0,8640,0.0,10.0,1.0,0.0,60
10.0,8640,0.0,20.0,1.0,0.0,60
10.0,8640,0.0,50.0,1.0,0.0,60
10.0,8640,0.0,100.0,1.0,0.0,60
10.0,8640,0.5,0.02,0.0,0.0,60
10.0,8640,0.5,0.05,0.0,0.0,60
10.0,8640,0.5,0.1,0.0,0.0,60
10.0,8640,0.5,0.2,0.0,0.0,60
10.0,8640,0.5,0.5,0.0,0.0,60
10.0,8640,0.5,1.0,0.7666666666666667,0.0,60
10.0,8640,0.5,2.0,1.0,0.0,60
10.0,8640,0.5,5.0,1.0,0.0,60
10.0,8640,0.5,10.0,1.0,0.0,60
10.0,8640,0.5,20.0,1.0,0.0,60
10.0,8640,0.5,50.0,1.0,0.0,60
10.0,8640,0.5,100.0,1.0,0.0,60
10.0,8640,0.9,0.02,0.0,0.0,60
10.0,8640,0.9,0.05,0.0,0.0,60
10.0,8640,0.9,0.1,0.0,0.0,60
10.0,8640,0.9,0.2,0.0,0.0,60
10.0,8640,0.9,0.5,0.0,0.0,60
10.0,8640,0.9,1.0,0.0,0.0,60
10.0,8640,0.9,2.0,0.35,0.0,60
10.0,8640,0.9,5.0,1.0,0.0,60
10.0,8640,0.9,10.0,1.0,0.0,60
10.0,8640,0.9,20.0,1.0,0.0,60
10.0,8640,0.9,50.0,1.0,0.0,60
10.0,8640,0.9,100.0,1.0,0.0,60
10.0,8640,0.95,0.02,0.0,0.0,60
10.0,8640,0.95,0.05,0.0,0.0,60
10.0,8640,0.95,0.1,0.0,0.0,60
10.0,8640,0.95,0.2,0.0,0.0,60
10.0,8640,0.95,0.5,0.0,0.0,60
10.0,8640,0.95,1.0,0.0,0.0,60
10.0,8640,0.95,2.0,0.03333333333333333,0.0,60
10.0,8640,0.95,5.0,1.0,0.0,60
10.0,8640,0.95,10.0,1.0,0.0,60
10.0,8640,0.95,20.0,1.0,0.0,60
10.0,8640,0.95,50.0,1.0,0.0,60
10.0,8640,0.95,100.0,1.0,0.0,60
10.0,1440,0.0,0.02,0.0,0.0,60
10.0,1440,0.0,0.05,0.0,0.0,60
10.0,1440,0.0,0.1,0.0,0.0,60
10.0,1440,0.0,0.2,0.0,0.0,60
10.0,1440,0.0,0.5,0.0,0.0,60
10.0,1440,0.0,1.0,0.21666666666666667,0.0,60
10.0,1440,0.0,2.0,1.0,0.0,60
10.0,1440,0.0,5.0,1.0,0.0,60
10.0,1440,0.0,10.0,1.0,0.0,60
10.0,1440,0.0,20.0,1.0,0.0,60
10.0,1440,0.0,50.0,1.0,0.0,60
10.0,1440,0.0,100.0,1.0,0.0,60
10.0,1440,0.5,0.02,0.0,0.0,60
10.0,1440,0.5,0.05,0.0,0.0,60
10.0,1440,0.5,0.1,0.0,0.0,60
10.0,1440,0.5,0.2,0.0,0.0,60
10.0,1440,0.5,0.5,0.0,0.0,60
10.0,1440,0.5,1.0,0.0,0.0,60
10.0,1440,0.5,2.0,0.3333333333333333,0.0,60
10.0,1440,0.5,5.0,1.0,0.0,60
10.0,1440,0.5,10.0,1.0,0.0,60
10.0,1440,0.5,20.0,1.0,0.0,60
10.0,1440,0.5,50.0,1.0,0.0,60
10.0,1440,0.5,100.0,1.0,0.0,60
10.0,1440,0.9,0.02,0.0,0.0,60
10.0,1440,0.9,0.05,0.0,0.0,60
10.0,1440,0.9,0.1,0.0,0.0,60
10.0,1440,0.9,0.2,0.0,0.0,60
10.0,1440,0.9,0.5,0.0,0.0,60
10.0,1440,0.9,1.0,0.0,0.0,60
10.0,1440,0.9,2.0,0.0,0.0,60
10.0,1440,0.9,5.0,0.7666666666666667,0.0,60
10.0,1440,0.9,10.0,1.0,0.0,60
10.0,1440,0.9,20.0,1.0,0.0,60
10.0,1440,0.9,50.0,1.0,0.0,60
10.0,1440,0.9,100.0,1.0,0.0,60
10.0,1440,0.95,0.02,0.0,0.0,60
10.0,1440,0.95,0.05,0.0,0.0,60
10.0,1440,0.95,0.1,0.0,0.0,60
10.0,1440,0.95,0.2,0.0,0.0,60
10.0,1440,0.95,0.5,0.0,0.0,60
10.0,1440,0.95,1.0,0.0,0.0,60
10.0,1440,0.95,2.0,0.0,0.0,60
10.0,1440,0.95,5.0,0.48333333333333334,0.0,60
10.0,1440,0.95,10.0,1.0,0.0,60
10.0,1440,0.95,20.0,1.0,0.0,60
10.0,1440,0.95,50.0,1.0,0.0,60
10.0,1440,0.95,100.0,1.0,0.0,60
10.0,144,0.0,0.02,0.0,0.0,60
10.0,144,0.0,0.05,0.0,0.0,60
10.0,144,0.0,0.1,0.0,0.0,60
10.0,144,0.0,0.2,0.0,0.0,60
10.0,144,0.0,0.5,0.0,0.0,60
10.0,144,0.0,1.0,0.0,0.0,60
10.0,144,0.0,2.0,0.0,0.0,60
10.0,144,0.0,5.0,0.85,0.0,60
10.0,144,0.0,10.0,1.0,0.0,60
10.0,144,0.0,20.0,1.0,0.0,60
10.0,144,0.0,50.0,1.0,0.0,60
10.0,144,0.0,100.0,1.0,0.0,60
10.0,144,0.5,0.02,0.0,0.0,60
10.0,144,0.5,0.05,0.0,0.0,60
10.0,144,0.5,0.1,0.0,0.0,60
10.0,144,0.5,0.2,0.0,0.0,60
10.0,144,0.5,0.5,0.0,0.0,60
10.0,144,0.5,1.0,0.0,0.0,60
10.0,144,0.5,2.0,0.0,0.0,60
10.0,144,0.5,5.0,0.45,0.0,60
10.0,144,0.5,10.0,1.0,0.0,60
10.0,144,0.5,20.0,1.0,0.0,60
10.0,144,0.5,50.0,1.0,0.0,60
10.0,144,0.5,100.0,1.0,0.0,60
10.0,144,0.9,0.02,0.0,0.0,60
10.0,144,0.9,0.05,0.0,0.0,60
10.0,144,0.9,0.1,0.0,0.0,60
10.0,144,0.9,0.2,0.0,0.0,60
10.0,144,0.9,0.5,0.0,0.0,60
10.0,144,0.9,1.0,0.0,0.0,60
10.0,144,0.9,2.0,0.0,0.0,60
10.0,144,0.9,5.0,0.9666666666666667,0.0,60
10.0,144,0.9,10.0,1.0,0.0,60
10.0,144,0.9,20.0,1.0,0.0,60
10.0,144,0.9,50.0,1.0,0.0,60
10.0,144,0.9,100.0,1.0,0.0,60
10.0,144,0.95,0.02,0.0,0.0,60
10.0,144,0.95,0.05,0.0,0.0,60
10.0,144,0.95,0.1,0.0,0.0,60
10.0,144,0.95,0.2,0.0,0.0,60
10.0,144,0.95,0.5,0.0,0.0,60
10.0,144,0.95,1.0,0.0,0.0,60
10.0,144,0.95,2.0,0.05,0.0,60
10.0,144,0.95,5.0,1.0,0.0,60
10.0,144,0.95,10.0,1.0,0.0,60
10.0,144,0.95,20.0,1.0,0.0,60
10.0,144,0.95,50.0,1.0,0.0,60
10.0,144,0.95,100.0,1.0,0.0,60
10.0,24,0.0,0.02,0.0,0.0,60
10.0,24,0.0,0.05,0.0,0.0,60
10.0,24,0.0,0.1,0.0,0.0,60
10.0,24,0.0,0.2,0.0,0.0,60
10.0,24,0.0,0.5,0.0,0.0,60
10.0,24,0.0,1.0,0.0,0.0,60
10.0,24,0.0,2.0,0.0,0.0,60
10.0,24,0.0,5.0,0.0,0.0,60
10.0,24,0.0,10.0,0.0,0.0,60
10.0,24,0.0,20.0,0.75,0.0,60
10.0,24,0.0,50.0,1.0,0.0,60
10.0,24,0.0,100.0,1.0,0.0,60
10.0,24,0.5,0.02,0.0,0.0,60
10.0,24,0.5,0.05,0.0,0.0,60
10.0,24,0.5,0.1,0.0,0.0,60
10.0,24,0.5,0.2,0.0,0.0,60
10.0,24,0.5,0.5,0.0,0.0,60
10.0,24,0.5,1.0,0.0,0.0,60
10.0,24,0.5,2.0,0.0,0.0,60
10.0,24,0.5,5.0,0.0,0.0,60
10.0,24,0.5,10.0,0.0,0.0,60
10.0,24,0.5,20.0,0.75,0.0,60
10.0,24,0.5,50.0,1.0,0.0,60
10.0,24,0.5,100.0,1.0,0.0,60
10.0,24,0.9,0.02,0.0,0.0,60
10.0,24,0.9,0.05,0.0,0.0,60
10.0,24,0.9,0.1,0.0,0.0,60
10.0,24,0.9,0.2,0.0,0.0,60
10.0,24,0.9,0.5,0.0,0.0,60
10.0,24,0.9,1.0,0.0,0.0,60
10.0,24,0.9,2.0,0.0,0.0,60
10.0,24,0.9,5.0,0.0,0.0,60
10.0,24,0.9,10.0,0.016666666666666666,0.0,60
10.0,24,0.9,20.0,0.8333333333333334,0.0,60
10.0,24,0.9,50.0,1.0,0.0,60
10.0,24,0.9,100.0,1.0,0.0,60
10.0,24,0.95,0.02,0.0,0.0,60
10.0,24,0.95,0.05,0.0,0.0,60
10.0,24,0.95,0.1,0.0,0.0,60
10.0,24,0.95,0.2,0.0,0.0,60
10.0,24,0.95,0.5,0.0,0.0,60
10.0,24,0.95,1.0,0.0,0.0,60
10.0,24,0.95,2.0,0.0,0.0,60
10.0,24,0.95,5.0,0.0,0.0,60
10.0,24,0.95,10.0,0.0,0.0,60
10.0,24,0.95,20.0,0.8333333333333334,0.0,60
10.0,24,0.95,50.0,1.0,0.0,60
10.0,24,0.95,100.0,1.0,0.0,60
10.0,4,0.0,0.02,0.0,0.0,60
10.0,4,0.0,0.05,0.0,0.0,60
10.0,4,0.0,0.1,0.0,0.0,60
10.0,4,0.0,0.2,0.0,0.0,60
10.0,4,0.0,0.5,0.0,0.0,60
10.0,4,0.0,1.0,0.0,0.0,60
10.0,4,0.0,2.0,0.0,0.0,60
10.0,4,0.0,5.0,0.0,0.0,60
10.0,4,0.0,10.0,0.11666666666666667,0.0,60
10.0,4,0.0,20.0,0.75,0.0,60
10.0,4,0.0,50.0,1.0,0.0,60
10.0,4,0.0,100.0,1.0,0.0,60
10.0,4,0.5,0.02,0.0,0.0,60
10.0,4,0.5,0.05,0.0,0.0,60
10.0,4,0.5,0.1,0.0,0.0,60
10.0,4,0.5,0.2,0.0,0.0,60
10.0,4,0.5,0.5,0.0,0.0,60
10.0,4,0.5,1.0,0.0,0.0,60
10.0,4,0.5,2.0,0.0,0.0,60
10.0,4,0.5,5.0,0.0,0.0,60
10.0,4,0.5,10.0,0.03333333333333333,0.0,60
10.0,4,0.5,20.0,0.7166666666666667,0.0,60
10.0,4,0.5,50.0,1.0,0.0,60
10.0,4,0.5,100.0,1.0,0.0,60
10.0,4,0.9,0.02,0.0,0.0,60
10.0,4,0.9,0.05,0.0,0.0,60
10.0,4,0.9,0.1,0.0,0.0,60
10.0,4,0.9,0.2,0.0,0.0,60
10.0,4,0.9,0.5,0.0,0.0,60
10.0,4,0.9,1.0,0.0,0.0,60
10.0,4,0.9,2.0,0.0,0.0,60
10.0,4,0.9,5.0,0.0,0.0,60
10.0,4,0.9,10.0,0.016666666666666666,0.0,60
10.0,4,0.9,20.0,0.6833333333333333,0.0,60
10.0,4,0.9,50.0,1.0,0.0,60
10.0,4,0.9,100.0,1.0,0.0,60
10.0,4,0.95,0.02,0.0,0.0,60
10.0,4,0.95,0.05,0.0,0.0,60
10.0,4,0.95,0.1,0.0,0.0,60
10.0,4,0.95,0.2,0.0,0.0,60
10.0,4,0.95,0.5,0.0,0.0,60
10.0,4,0.95,1.0,0.0,0.0,60
10.0,4,0.95,2.0,0.0,0.0,60
10.0,4,0.95,5.0,0.0,0.0,60
10.0,4,0.95,10.0,0.08333333333333333,0.0,60
10.0,4,0.95,20.0,0.6333333333333333,0.0,60
10.0,4,0.95,50.0,1.0,0.0,60
10.0,4,0.95,100.0,1.0,0.0,60
10.0,2,0.0,0.02,0.0,0.0,60
10.0,2,0.0,0.05,0.0,0.0,60
10.0,2,0.0,0.1,0.0,0.0,60
10.0,2,0.0,0.2,0.0,0.0,60
10.0,2,0.0,0.5,0.016666666666666666,0.0,60
10.0,2,0.0,1.0,0.016666666666666666,0.0,60
10.0,2,0.0,2.0,0.0,0.0,60
10.0,2,0.0,5.0,0.016666666666666666,0.0,60
10.0,2,0.0,10.0,0.08333333333333333,0.0,60
10.0,2,0.0,20.0,0.48333333333333334,0.0,60
10.0,2,0.0,50.0,1.0,0.0,60
10.0,2,0.0,100.0,1.0,0.0,60
10.0,2,0.5,0.02,0.0,0.0,60
10.0,2,0.5,0.05,0.0,0.0,60
10.0,2,0.5,0.1,0.0,0.0,60
10.0,2,0.5,0.2,0.0,0.0,60
10.0,2,0.5,0.5,0.0,0.0,60
10.0,2,0.5,1.0,0.0,0.0,60
10.0,2,0.5,2.0,0.0,0.0,60
10.0,2,0.5,5.0,0.016666666666666666,0.0,60
10.0,2,0.5,10.0,0.08333333333333333,0.0,60
10.0,2,0.5,20.0,0.4666666666666667,0.0,60
10.0,2,0.5,50.0,1.0,0.0,60
10.0,2,0.5,100.0,1.0,0.0,60
10.0,2,0.9,0.02,0.0,0.0,60
10.0,2,0.9,0.05,0.0,0.0,60
10.0,2,0.9,0.1,0.0,0.0,60
10.0,2,0.9,0.2,0.0,0.0,60
10.0,2,0.9,0.5,0.0,0.0,60
10.0,2,0.9,1.0,0.0,0.0,60
10.0,2,0.9,2.0,0.0,0.0,60
10.0,2,0.9,5.0,0.0,0.0,60
10.0,2,0.9,10.0,0.016666666666666666,0.0,60
10.0,2,0.9,20.0,0.4,0.0,60
10.0,2,0.9,50.0,1.0,0.0,60
10.0,2,0.9,100.0,1.0,0.0,60
10.0,2,0.95,0.02,0.0,0.0,60
10.0,2,0.95,0.05,0.0,0.0,60
10.0,2,0.95,0.1,0.0,0.0,60
10.0,2,0.95,0.2,0.0,0.0,60
10.0,2,0.95,0.5,0.0,0.0,60
10.0,2,0.95,1.0,0.0,0.0,60
10.0,2,0.95,2.0,0.0,0.0,60
10.0,2,0.95,5.0,0.0,0.0,60
10.0,2,0.95,10.0,0.016666666666666666,0.0,60
10.0,2,0.95,20.0,0.3333333333333333,0.0,60
10.0,2,0.95,50.0,1.0,0.0,60
10.0,2,0.95,100.0,1.0,0.0,60
10.0,1,0.0,0.02,0.016666666666666666,0.016666666666666666,60
10.0,1,0.0,0.05,0.016666666666666666,0.016666666666666666,60
10.0,1,0.0,0.1,0.016666666666666666,0.016666666666666666,60
10.0,1,0.0,0.2,0.016666666666666666,0.016666666666666666,60
10.0,1,0.0,0.5,0.016666666666666666,0.016666666666666666,60
10.0,1,0.0,1.0,0.0,0.016666666666666666,60
10.0,1,0.0,2.0,0.0,0.016666666666666666,60
10.0,1,0.0,5.0,0.016666666666666666,0.016666666666666666,60
10.0,1,0.0,10.0,0.03333333333333333,0.016666666666666666,60
10.0,1,0.0,20.0,0.3,0.016666666666666666,60
10.0,1,0.0,50.0,0.95,0.016666666666666666,60
10.0,1,0.0,100.0,1.0,0.016666666666666666,60
10.0,1,0.5,0.02,0.0,0.0,60
10.0,1,0.5,0.05,0.0,0.0,60
10.0,1,0.5,0.1,0.0,0.0,60
10.0,1,0.5,0.2,0.0,0.0,60
10.0,1,0.5,0.5,0.0,0.0,60
10.0,1,0.5,1.0,0.0,0.0,60
10.0,1,0.5,2.0,0.0,0.0,60
10.0,1,0.5,5.0,0.0,0.0,60
10.0,1,0.5,10.0,0.03333333333333333,0.0,60
10.0,1,0.5,20.0,0.26666666666666666,0.0,60
10.0,1,0.5,50.0,0.9166666666666666,0.0,60
10.0,1,0.5,100.0,1.0,0.0,60
10.0,1,0.9,0.02,0.0,0.0,60
10.0,1,0.9,0.05,0.0,0.0,60
10.0,1,0.9,0.1,0.0,0.0,60
10.0,1,0.9,0.2,0.0,0.0,60
10.0,1,0.9,0.5,0.0,0.0,60
10.0,1,0.9,1.0,0.0,0.0,60
10.0,1,0.9,2.0,0.0,0.0,60
10.0,1,0.9,5.0,0.016666666666666666,0.0,60
10.0,1,0.9,10.0,0.03333333333333333,0.0,60
10.0,1,0.9,20.0,0.23333333333333334,0.0,60
10.0,1,0.9,50.0,0.8833333333333333,0.0,60
10.0,1,0.9,100.0,1.0,0.0,60
10.0,1,0.95,0.02,0.0,0.0,60
10.0,1,0.95,0.05,0.0,0.0,60
10.0,1,0.95,0.1,0.0,0.0,60
10.0,1,0.95,0.2,0.0,0.0,60
10.0,1,0.95,0.5,0.0,0.0,60
10.0,1,0.95,1.0,0.0,0.0,60
10.0,1,0.95,2.0,0.0,0.0,60
10.0,1,0.95,5.0,0.0,0.0,60
10.0,1,0.95,10.0,0.03333333333333333,0.0,60
10.0,1,0.95,20.0,0.38333333333333336,0.0,60
10.0,1,0.95,50.0,0.8666666666666667,0.0,60
10.0,1,0.95,100.0,1.0,0.0,60
30.0,8640,0.0,0.02,0.0,0.0,60
30.0,8640,0.0,0.05,0.0,0.0,60
30.0,8640,0.0,0.1,0.0,0.0,60
30.0,8640,0.0,0.2,0.0,0.0,60
30.0,8640,0.0,0.5,0.0,0.0,60
30.0,8640,0.0,1.0,0.03333333333333333,0.0,60
30.0,8640,0.0,2.0,0.95,0.0,60
30.0,8640,0.0,5.0,1.0,0.0,60
30.0,8640,0.0,10.0,1.0,0.0,60
30.0,8640,0.0,20.0,1.0,0.0,60
30.0,8640,0.0,50.0,1.0,0.0,60
30.0,8640,0.0,100.0,1.0,0.0,60
30.0,8640,0.5,0.02,0.0,0.0,60
30.0,8640,0.5,0.05,0.0,0.0,60
30.0,8640,0.5,0.1,0.0,0.0,60
30.0,8640,0.5,0.2,0.0,0.0,60
30.0,8640,0.5,0.5,0.0,0.0,60
30.0,8640,0.5,1.0,0.0,0.0,60
30.0,8640,0.5,2.0,0.11666666666666667,0.0,60
30.0,8640,0.5,5.0,1.0,0.0,60
30.0,8640,0.5,10.0,1.0,0.0,60
30.0,8640,0.5,20.0,1.0,0.0,60
30.0,8640,0.5,50.0,1.0,0.0,60
30.0,8640,0.5,100.0,1.0,0.0,60
30.0,8640,0.9,0.02,0.0,0.0,60
30.0,8640,0.9,0.05,0.0,0.0,60
30.0,8640,0.9,0.1,0.0,0.0,60
30.0,8640,0.9,0.2,0.0,0.0,60
30.0,8640,0.9,0.5,0.0,0.0,60
30.0,8640,0.9,1.0,0.0,0.0,60
30.0,8640,0.9,2.0,0.0,0.0,60
30.0,8640,0.9,5.0,0.06666666666666667,0.0,60
30.0,8640,0.9,10.0,1.0,0.0,60
30.0,8640,0.9,20.0,1.0,0.0,60
30.0,8640,0.9,50.0,1.0,0.0,60
30.0,8640,0.9,100.0,1.0,0.0,60
30.0,8640,0.95,0.02,0.0,0.0,60
30.0,8640,0.95,0.05,0.0,0.0,60
30.0,8640,0.95,0.1,0.0,0.0,60
30.0,8640,0.95,0.2,0.0,0.0,60
30.0,8640,0.95,0.5,0.0,0.0,60
30.0,8640,0.95,1.0,0.0,0.0,60
30.0,8640,0.95,2.0,0.0,0.0,60
30.0,8640,0.95,5.0,0.03333333333333333,0.0,60
30.0,8640,0.95,10.0,0.7,0.0,60
30.0,8640,0.95,20.0,1.0,0.0,60
30.0,8640,0.95,50.0,1.0,0.0,60
30.0,8640,0.95,100.0,1.0,0.0,60
30.0,1440,0.0,0.02,0.0,0.0,60
30.0,1440,0.0,0.05,0.0,0.0,60
30.0,1440,0.0,0.1,0.0,0.0,60
30.0,1440,0.0,0.2,0.0,0.0,60
30.0,1440,0.0,0.5,0.0,0.0,60
30.0,1440,0.0,1.0,0.0,0.0,60
30.0,1440,0.0,2.0,0.03333333333333333,0.0,60
30.0,1440,0.0,5.0,0.95,0.0,60
30.0,1440,0.0,10.0,1.0,0.0,60
30.0,1440,0.0,20.0,1.0,0.0,60
30.0,1440,0.0,50.0,1.0,0.0,60
30.0,1440,0.0,100.0,1.0,0.0,60
30.0,1440,0.5,0.02,0.0,0.0,60
30.0,1440,0.5,0.05,0.0,0.0,60
30.0,1440,0.5,0.1,0.0,0.0,60
30.0,1440,0.5,0.2,0.0,0.0,60
30.0,1440,0.5,0.5,0.0,0.0,60
30.0,1440,0.5,1.0,0.0,0.0,60
30.0,1440,0.5,2.0,0.0,0.0,60
30.0,1440,0.5,5.0,0.11666666666666667,0.0,60
30.0,1440,0.5,10.0,1.0,0.0,60
30.0,1440,0.5,20.0,1.0,0.0,60
30.0,1440,0.5,50.0,1.0,0.0,60
30.0,1440,0.5,100.0,1.0,0.0,60
30.0,1440,0.9,0.02,0.0,0.0,60
30.0,1440,0.9,0.05,0.0,0.0,60
30.0,1440,0.9,0.1,0.0,0.0,60
30.0,1440,0.9,0.2,0.0,0.0,60
30.0,1440,0.9,0.5,0.0,0.0,60
30.0,1440,0.9,1.0,0.0,0.0,60
30.0,1440,0.9,2.0,0.0,0.0,60
30.0,1440,0.9,5.0,0.0,0.0,60
30.0,1440,0.9,10.0,0.15,0.0,60
30.0,1440,0.9,20.0,1.0,0.0,60
30.0,1440,0.9,50.0,1.0,0.0,60
30.0,1440,0.9,100.0,1.0,0.0,60
30.0,1440,0.95,0.02,0.0,0.0,60
30.0,1440,0.95,0.05,0.0,0.0,60
30.0,1440,0.95,0.1,0.0,0.0,60
30.0,1440,0.95,0.2,0.0,0.0,60
30.0,1440,0.95,0.5,0.0,0.0,60
30.0,1440,0.95,1.0,0.0,0.0,60
30.0,1440,0.95,2.0,0.0,0.0,60
30.0,1440,0.95,5.0,0.0,0.0,60
30.0,1440,0.95,10.0,0.06666666666666667,0.0,60
30.0,1440,0.95,20.0,0.9666666666666667,0.0,60
30.0,1440,0.95,50.0,1.0,0.0,60
30.0,1440,0.95,100.0,1.0,0.0,60
30.0,144,0.0,0.02,0.0,0.0,60
30.0,144,0.0,0.05,0.0,0.0,60
30.0,144,0.0,0.1,0.0,0.0,60
30.0,144,0.0,0.2,0.0,0.0,60
30.0,144,0.0,0.5,0.0,0.0,60
30.0,144,0.0,1.0,0.0,0.0,60
30.0,144,0.0,2.0,0.0,0.0,60
30.0,144,0.0,5.0,0.016666666666666666,0.0,60
30.0,144,0.0,10.0,0.2,0.0,60
30.0,144,0.0,20.0,1.0,0.0,60
30.0,144,0.0,50.0,1.0,0.0,60
30.0,144,0.0,100.0,1.0,0.0,60
30.0,144,0.5,0.02,0.0,0.0,60
30.0,144,0.5,0.05,0.0,0.0,60
30.0,144,0.5,0.1,0.0,0.0,60
30.0,144,0.5,0.2,0.0,0.0,60
30.0,144,0.5,0.5,0.0,0.0,60
30.0,144,0.5,1.0,0.0,0.0,60
30.0,144,0.5,2.0,0.0,0.0,60
30.0,144,0.5,5.0,0.0,0.0,60
30.0,144,0.5,10.0,0.016666666666666666,0.0,60
30.0,144,0.5,20.0,0.95,0.0,60
30.0,144,0.5,50.0,1.0,0.0,60
30.0,144,0.5,100.0,1.0,0.0,60
30.0,144,0.9,0.02,0.0,0.0,60
30.0,144,0.9,0.05,0.0,0.0,60
30.0,144,0.9,0.1,0.0,0.0,60
30.0,144,0.9,0.2,0.0,0.0,60
30.0,144,0.9,0.5,0.0,0.0,60
30.0,144,0.9,1.0,0.0,0.0,60
30.0,144,0.9,2.0,0.0,0.0,60
30.0,144,0.9,5.0,0.0,0.0,60
30.0,144,0.9,10.0,0.2,0.0,60
30.0,144,0.9,20.0,1.0,0.0,60
30.0,144,0.9,50.0,1.0,0.0,60
30.0,144,0.9,100.0,1.0,0.0,60
30.0,144,0.95,0.02,0.0,0.0,60
30.0,144,0.95,0.05,0.0,0.0,60
30.0,144,0.95,0.1,0.0,0.0,60
30.0,144,0.95,0.2,0.0,0.0,60
30.0,144,0.95,0.5,0.0,0.0,60
30.0,144,0.95,1.0,0.0,0.0,60
30.0,144,0.95,2.0,0.0,0.0,60
30.0,144,0.95,5.0,0.0,0.0,60
30.0,144,0.95,10.0,0.9333333333333333,0.0,60
30.0,144,0.95,20.0,1.0,0.0,60
30.0,144,0.95,50.0,1.0,0.0,60
30.0,144,0.95,100.0,1.0,0.0,60
30.0,24,0.0,0.02,0.0,0.0,60
30.0,24,0.0,0.05,0.0,0.0,60
30.0,24,0.0,0.1,0.0,0.0,60
30.0,24,0.0,0.2,0.0,0.0,60
30.0,24,0.0,0.5,0.0,0.0,60
30.0,24,0.0,1.0,0.0,0.0,60
30.0,24,0.0,2.0,0.0,0.0,60
30.0,24,0.0,5.0,0.0,0.0,60
30.0,24,0.0,10.0,0.0,0.0,60
30.0,24,0.0,20.0,0.05,0.0,60
30.0,24,0.0,50.0,1.0,0.0,60
30.0,24,0.0,100.0,1.0,0.0,60
30.0,24,0.5,0.02,0.0,0.0,60
30.0,24,0.5,0.05,0.0,0.0,60
30.0,24,0.5,0.1,0.0,0.0,60
30.0,24,0.5,0.2,0.0,0.0,60
30.0,24,0.5,0.5,0.0,0.0,60
30.0,24,0.5,1.0,0.0,0.0,60
30.0,24,0.5,2.0,0.0,0.0,60
30.0,24,0.5,5.0,0.0,0.0,60
30.0,24,0.5,10.0,0.0,0.0,60
30.0,24,0.5,20.0,0.016666666666666666,0.0,60
30.0,24,0.5,50.0,1.0,0.0,60
30.0,24,0.5,100.0,1.0,0.0,60
30.0,24,0.9,0.02,0.0,0.0,60
30.0,24,0.9,0.05,0.0,0.0,60
30.0,24,0.9,0.1,0.0,0.0,60
30.0,24,0.9,0.2,0.0,0.0,60
30.0,24,0.9,0.5,0.0,0.0,60
30.0,24,0.9,1.0,0.0,0.0,60
30.0,24,0.9,2.0,0.0,0.0,60
30.0,24,0.9,5.0,0.0,0.0,60
30.0,24,0.9,10.0,0.0,0.0,60
30.0,24,0.9,20.0,0.03333333333333333,0.0,60
30.0,24,0.9,50.0,1.0,0.0,60
30.0,24,0.9,100.0,1.0,0.0,60
30.0,24,0.95,0.02,0.0,0.0,60
30.0,24,0.95,0.05,0.0,0.0,60
30.0,24,0.95,0.1,0.0,0.0,60
30.0,24,0.95,0.2,0.0,0.0,60
30.0,24,0.95,0.5,0.0,0.0,60
30.0,24,0.95,1.0,0.0,0.0,60
30.0,24,0.95,2.0,0.0,0.0,60
30.0,24,0.95,5.0,0.0,0.0,60
30.0,24,0.95,10.0,0.0,0.0,60
30.0,24,0.95,20.0,0.05,0.0,60
30.0,24,0.95,50.0,1.0,0.0,60
30.0,24,0.95,100.0,1.0,0.0,60
30.0,4,0.0,0.02,0.0,0.0,60
30.0,4,0.0,0.05,0.0,0.0,60
30.0,4,0.0,0.1,0.0,0.0,60
30.0,4,0.0,0.2,0.0,0.0,60
30.0,4,0.0,0.5,0.0,0.0,60
30.0,4,0.0,1.0,0.0,0.0,60
30.0,4,0.0,2.0,0.0,0.0,60
30.0,4,0.0,5.0,0.0,0.0,60
30.0,4,0.0,10.0,0.0,0.0,60
30.0,4,0.0,20.0,0.06666666666666667,0.0,60
30.0,4,0.0,50.0,0.95,0.0,60
30.0,4,0.0,100.0,1.0,0.0,60
30.0,4,0.5,0.02,0.0,0.0,60
30.0,4,0.5,0.05,0.0,0.0,60
30.0,4,0.5,0.1,0.0,0.0,60
30.0,4,0.5,0.2,0.0,0.0,60
30.0,4,0.5,0.5,0.0,0.0,60
30.0,4,0.5,1.0,0.0,0.0,60
30.0,4,0.5,2.0,0.0,0.0,60
30.0,4,0.5,5.0,0.0,0.0,60
30.0,4,0.5,10.0,0.0,0.0,60
30.0,4,0.5,20.0,0.11666666666666667,0.0,60
30.0,4,0.5,50.0,0.95,0.0,60
30.0,4,0.5,100.0,1.0,0.0,60
30.0,4,0.9,0.02,0.0,0.0,60
30.0,4,0.9,0.05,0.0,0.0,60
30.0,4,0.9,0.1,0.0,0.0,60
30.0,4,0.9,0.2,0.0,0.0,60
30.0,4,0.9,0.5,0.0,0.0,60
30.0,4,0.9,1.0,0.0,0.0,60
30.0,4,0.9,2.0,0.0,0.0,60
30.0,4,0.9,5.0,0.0,0.0,60
30.0,4,0.9,10.0,0.016666666666666666,0.0,60
30.0,4,0.9,20.0,0.1,0.0,60
30.0,4,0.9,50.0,0.8666666666666667,0.0,60
30.0,4,0.9,100.0,1.0,0.0,60
30.0,4,0.95,0.02,0.0,0.0,60
30.0,4,0.95,0.05,0.0,0.0,60
30.0,4,0.95,0.1,0.0,0.0,60
30.0,4,0.95,0.2,0.0,0.0,60
30.0,4,0.95,0.5,0.0,0.0,60
30.0,4,0.95,1.0,0.0,0.0,60
30.0,4,0.95,2.0,0.0,0.0,60
30.0,4,0.95,5.0,0.0,0.0,60
30.0,4,0.95,10.0,0.0,0.0,60
30.0,4,0.95,20.0,0.03333333333333333,0.0,60
30.0,4,0.95,50.0,0.8166666666666667,0.0,60
30.0,4,0.95,100.0,1.0,0.0,60
30.0,2,0.0,0.02,0.0,0.0,60
30.0,2,0.0,0.05,0.0,0.0,60
30.0,2,0.0,0.1,0.0,0.0,60
30.0,2,0.0,0.2,0.0,0.0,60
30.0,2,0.0,0.5,0.0,0.0,60
30.0,2,0.0,1.0,0.0,0.0,60
30.0,2,0.0,2.0,0.0,0.0,60
30.0,2,0.0,5.0,0.0,0.0,60
30.0,2,0.0,10.0,0.0,0.0,60
30.0,2,0.0,20.0,0.06666666666666667,0.0,60
30.0,2,0.0,50.0,0.85,0.0,60
30.0,2,0.0,100.0,1.0,0.0,60
30.0,2,0.5,0.02,0.0,0.0,60
30.0,2,0.5,0.05,0.0,0.0,60
30.0,2,0.5,0.1,0.0,0.0,60
30.0,2,0.5,0.2,0.0,0.0,60
30.0,2,0.5,0.5,0.0,0.0,60
30.0,2,0.5,1.0,0.0,0.0,60
30.0,2,0.5,2.0,0.0,0.0,60
30.0,2,0.5,5.0,0.0,0.0,60
30.0,2,0.5,10.0,0.016666666666666666,0.0,60
30.0,2,0.5,20.0,0.15,0.0,60
30.0,2,0.5,50.0,0.85,0.0,60
30.0,2,0.5,100.0,0.9833333333333333,0.0,60
30.0,2,0.9,0.02,0.0,0.0,60
30.0,2,0.9,0.05,0.0,0.0,60
30.0,2,0.9,0.1,0.0,0.0,60
30.0,2,0.9,0.2,0.0,0.0,60
30.0,2,0.9,0.5,0.0,0.0,60
30.0,2,0.9,1.0,0.0,0.0,60
30.0,2,0.9,2.0,0.0,0.0,60
30.0,2,0.9,5.0,0.0,0.0,60
30.0,2,0.9,10.0,0.016666666666666666,0.0,60
30.0,2,0.9,20.0,0.08333333333333333,0.0,60
30.0,2,0.9,50.0,0.7666666666666667,0.0,60
30.0,2,0.9,100.0,0.9833333333333333,0.0,60
30.0,2,0.95,0.02,0.0,0.0,60
30.0,2,0.95,0.05,0.0,0.0,60
30.0,2,0.95,0.1,0.0,0.0,60
30.0,2,0.95,0.2,0.0,0.0,60
30.0,2,0.95,0.5,0.0,0.0,60
30.0,2,0.95,1.0,0.0,0.0,60
30.0,2,0.95,2.0,0.0,0.0,60
30.0,2,0.95,5.0,0.0,0.0,60
30.0,2,0.95,10.0,0.0,0.0,60
30.0,2,0.95,20.0,0.05,0.0,60
30.0,2,0.95,50.0,0.7833333333333333,0.0,60
30.0,2,0.95,100.0,1.0,0.0,60
30.0,1,0.0,0.02,0.0,0.0,60
30.0,1,0.0,0.05,0.0,0.0,60
30.0,1,0.0,0.1,0.0,0.0,60
30.0,1,0.0,0.2,0.0,0.0,60
30.0,1,0.0,0.5,0.0,0.0,60
30.0,1,0.0,1.0,0.0,0.0,60
30.0,1,0.0,2.0,0.0,0.0,60
30.0,1,0.0,5.0,0.0,0.0,60
30.0,1,0.0,10.0,0.05,0.0,60
30.0,1,0.0,20.0,0.05,0.0,60
30.0,1,0.0,50.0,0.5666666666666667,0.0,60
30.0,1,0.0,100.0,0.9666666666666667,0.0,60
30.0,1,0.5,0.02,0.0,0.0,60
30.0,1,0.5,0.05,0.0,0.0,60
30.0,1,0.5,0.1,0.0,0.0,60
30.0,1,0.5,0.2,0.0,0.0,60
30.0,1,0.5,0.5,0.0,0.0,60
30.0,1,0.5,1.0,0.0,0.0,60
30.0,1,0.5,2.0,0.0,0.0,60
30.0,1,0.5,5.0,0.0,0.0,60
30.0,1,0.5,10.0,0.0,0.0,60
30.0,1,0.5,20.0,0.016666666666666666,0.0,60
30.0,1,0.5,50.0,0.5333333333333333,0.0,60
30.0,1,0.5,100.0,0.9333333333333333,0.0,60
30.0,1,0.9,0.02,0.016666666666666666,0.016666666666666666,60
30.0,1,0.9,0.05,0.016666666666666666,0.016666666666666666,60
30.0,1,0.9,0.1,0.016666666666666666,0.016666666666666666,60
30.0,1,0.9,0.2,0.016666666666666666,0.016666666666666666,60
30.0,1,0.9,0.5,0.016666666666666666,0.016666666666666666,60
30.0,1,0.9,1.0,0.016666666666666666,0.016666666666666666,60
30.0,1,0.9,2.0,0.0,0.016666666666666666,60
30.0,1,0.9,5.0,0.016666666666666666,0.016666666666666666,60
30.0,1,0.9,10.0,0.016666666666666666,0.016666666666666666,60
30.0,1,0.9,20.0,0.03333333333333333,0.016666666666666666,60
30.0,1,0.9,50.0,0.2833333333333333,0.016666666666666666,60
30.0,1,0.9,100.0,0.7,0.016666666666666666,60
30.0,1,0.95,0.02,0.0,0.0,60
30.0,1,0.95,0.05,0.0,0.0,60
30.0,1,0.95,0.1,0.0,0.0,60
30.0,1,0.95,0.2,0.0,0.0,60
30.0,1,0.95,0.5,0.0,0.0,60
30.0,1,0.95,1.0,0.0,0.0,60
30.0,1,0.95,2.0,0.0,0.0,60
30.0,1,0.95,5.0,0.016666666666666666,0.0,60
30.0,1,0.95,10.0,0.016666666666666666,0.0,60
30.0,1,0.95,20.0,0.03333333333333333,0.0,60
30.0,1,0.95,50.0,0.5333333333333333,0.0,60
30.0,1,0.95,100.0,0.9333333333333333,0.0,60
100.0,8640,0.0,0.02,0.0,0.0,60
100.0,8640,0.0,0.05,0.0,0.0,60
100.0,8640,0.0,0.1,0.0,0.0,60
100.0,8640,0.0,0.2,0.0,0.0,60
100.0,8640,0.0,0.5,0.0,0.0,60
100.0,8640,0.0,1.0,0.0,0.0,60
100.0,8640,0.0,2.0,0.0,0.0,60
100.0,8640,0.0,5.0,0.6333333333333333,0.0,60
100.0,8640,0.0,10.0,1.0,0.0,60
100.0,8640,0.0,20.0,1.0,0.0,60
100.0,8640,0.0,50.0,1.0,0.0,60
100.0,8640,0.0,100.0,1.0,0.0,60
100.0,8640,0.5,0.02,0.0,0.0,60
100.0,8640,0.5,0.05,0.0,0.0,60
100.0,8640,0.5,0.1,0.0,0.0,60
100.0,8640,0.5,0.2,0.0,0.0,60
100.0,8640,0.5,0.5,0.0,0.0,60
100.0,8640,0.5,1.0,0.0,0.0,60
100.0,8640,0.5,2.0,0.0,0.0,60
100.0,8640,0.5,5.0,0.0,0.0,60
100.0,8640,0.5,10.0,0.75,0.0,60
100.0,8640,0.5,20.0,1.0,0.0,60
100.0,8640,0.5,50.0,1.0,0.0,60
100.0,8640,0.5,100.0,1.0,0.0,60
100.0,8640,0.9,0.02,0.0,0.0,60
100.0,8640,0.9,0.05,0.0,0.0,60
100.0,8640,0.9,0.1,0.0,0.0,60
100.0,8640,0.9,0.2,0.0,0.0,60
100.0,8640,0.9,0.5,0.0,0.0,60
100.0,8640,0.9,1.0,0.0,0.0,60
100.0,8640,0.9,2.0,0.0,0.0,60
100.0,8640,0.9,5.0,0.0,0.0,60
100.0,8640,0.9,10.0,0.0,0.0,60
100.0,8640,0.9,20.0,0.36666666666666664,0.0,60
100.0,8640,0.9,50.0,1.0,0.0,60
100.0,8640,0.9,100.0,1.0,0.0,60
100.0,8640,0.95,0.02,0.0,0.0,60
100.0,8640,0.95,0.05,0.0,0.0,60
100.0,8640,0.95,0.1,0.0,0.0,60
100.0,8640,0.95,0.2,0.0,0.0,60
100.0,8640,0.95,0.5,0.0,0.0,60
100.0,8640,0.95,1.0,0.0,0.0,60
100.0,8640,0.95,2.0,0.0,0.0,60
100.0,8640,0.95,5.0,0.0,0.0,60
100.0,8640,0.95,10.0,0.0,0.0,60
100.0,8640,0.95,20.0,0.05,0.0,60
100.0,8640,0.95,50.0,1.0,0.0,60
100.0,8640,0.95,100.0,1.0,0.0,60
100.0,1440,0.0,0.02,0.0,0.0,60
100.0,1440,0.0,0.05,0.0,0.0,60
100.0,1440,0.0,0.1,0.0,0.0,60
100.0,1440,0.0,0.2,0.0,0.0,60
100.0,1440,0.0,0.5,0.0,0.0,60
100.0,1440,0.0,1.0,0.0,0.0,60
100.0,1440,0.0,2.0,0.0,0.0,60
100.0,1440,0.0,5.0,0.0,0.0,60
100.0,1440,0.0,10.0,0.15,0.0,60
100.0,1440,0.0,20.0,1.0,0.0,60
100.0,1440,0.0,50.0,1.0,0.0,60
100.0,1440,0.0,100.0,1.0,0.0,60
100.0,1440,0.5,0.02,0.0,0.0,60
100.0,1440,0.5,0.05,0.0,0.0,60
100.0,1440,0.5,0.1,0.0,0.0,60
100.0,1440,0.5,0.2,0.0,0.0,60
100.0,1440,0.5,0.5,0.0,0.0,60
100.0,1440,0.5,1.0,0.0,0.0,60
100.0,1440,0.5,2.0,0.0,0.0,60
100.0,1440,0.5,5.0,0.0,0.0,60
100.0,1440,0.5,10.0,0.016666666666666666,0.0,60
100.0,1440,0.5,20.0,0.38333333333333336,0.0,60
100.0,1440,0.5,50.0,1.0,0.0,60
100.0,1440,0.5,100.0,1.0,0.0,60
100.0,1440,0.9,0.02,0.0,0.0,60
100.0,1440,0.9,0.05,0.0,0.0,60
100.0,1440,0.9,0.1,0.0,0.0,60
100.0,1440,0.9,0.2,0.0,0.0,60
100.0,1440,0.9,0.5,0.0,0.0,60
100.0,1440,0.9,1.0,0.0,0.0,60
100.0,1440,0.9,2.0,0.0,0.0,60
100.0,1440,0.9,5.0,0.0,0.0,60
100.0,1440,0.9,10.0,0.0,0.0,60
100.0,1440,0.9,20.0,0.0,0.0,60
100.0,1440,0.9,50.0,0.7333333333333333,0.0,60
100.0,1440,0.9,100.0,1.0,0.0,60
100.0,1440,0.95,0.02,0.0,0.0,60
100.0,1440,0.95,0.05,0.0,0.0,60
100.0,1440,0.95,0.1,0.0,0.0,60
100.0,1440,0.95,0.2,0.0,0.0,60
100.0,1440,0.95,0.5,0.0,0.0,60
100.0,1440,0.95,1.0,0.0,0.0,60
100.0,1440,0.95,2.0,0.0,0.0,60
100.0,1440,0.95,5.0,0.0,0.0,60
100.0,1440,0.95,10.0,0.0,0.0,60
100.0,1440,0.95,20.0,0.0,0.0,60
100.0,1440,0.95,50.0,0.48333333333333334,0.0,60
100.0,1440,0.95,100.0,1.0,0.0,60
100.0,144,0.0,0.02,0.0,0.0,60
100.0,144,0.0,0.05,0.0,0.0,60
100.0,144,0.0,0.1,0.0,0.0,60
100.0,144,0.0,0.2,0.0,0.0,60
100.0,144,0.0,0.5,0.0,0.0,60
100.0,144,0.0,1.0,0.0,0.0,60
100.0,144,0.0,2.0,0.0,0.0,60
100.0,144,0.0,5.0,0.0,0.0,60
100.0,144,0.0,10.0,0.0,0.0,60
100.0,144,0.0,20.0,0.0,0.0,60
100.0,144,0.0,50.0,0.9166666666666666,0.0,60
100.0,144,0.0,100.0,1.0,0.0,60
100.0,144,0.5,0.02,0.0,0.0,60
100.0,144,0.5,0.05,0.0,0.0,60
100.0,144,0.5,0.1,0.0,0.0,60
100.0,144,0.5,0.2,0.0,0.0,60
100.0,144,0.5,0.5,0.0,0.0,60
100.0,144,0.5,1.0,0.0,0.0,60
100.0,144,0.5,2.0,0.0,0.0,60
100.0,144,0.5,5.0,0.0,0.0,60
100.0,144,0.5,10.0,0.0,0.0,60
100.0,144,0.5,20.0,0.0,0.0,60
100.0,144,0.5,50.0,0.45,0.0,60
100.0,144,0.5,100.0,1.0,0.0,60
100.0,144,0.9,0.02,0.0,0.0,60
100.0,144,0.9,0.05,0.0,0.0,60
100.0,144,0.9,0.1,0.0,0.0,60
100.0,144,0.9,0.2,0.0,0.0,60
100.0,144,0.9,0.5,0.0,0.0,60
100.0,144,0.9,1.0,0.0,0.0,60
100.0,144,0.9,2.0,0.0,0.0,60
100.0,144,0.9,5.0,0.0,0.0,60
100.0,144,0.9,10.0,0.0,0.0,60
100.0,144,0.9,20.0,0.0,0.0,60
100.0,144,0.9,50.0,0.9333333333333333,0.0,60
100.0,144,0.9,100.0,1.0,0.0,60
100.0,144,0.95,0.02,0.0,0.0,60
100.0,144,0.95,0.05,0.0,0.0,60
100.0,144,0.95,0.1,0.0,0.0,60
100.0,144,0.95,0.2,0.0,0.0,60
100.0,144,0.95,0.5,0.0,0.0,60
100.0,144,0.95,1.0,0.0,0.0,60
100.0,144,0.95,2.0,0.0,0.0,60
100.0,144,0.95,5.0,0.0,0.0,60
100.0,144,0.95,10.0,0.0,0.0,60
100.0,144,0.95,20.0,0.08333333333333333,0.0,60
100.0,144,0.95,50.0,1.0,0.0,60
100.0,144,0.95,100.0,1.0,0.0,60
100.0,24,0.0,0.02,0.0,0.0,60
100.0,24,0.0,0.05,0.0,0.0,60
100.0,24,0.0,0.1,0.0,0.0,60
100.0,24,0.0,0.2,0.0,0.0,60
100.0,24,0.0,0.5,0.0,0.0,60
100.0,24,0.0,1.0,0.0,0.0,60
100.0,24,0.0,2.0,0.0,0.0,60
100.0,24,0.0,5.0,0.0,0.0,60
100.0,24,0.0,10.0,0.0,0.0,60
100.0,24,0.0,20.0,0.0,0.0,60
100.0,24,0.0,50.0,0.0,0.0,60
100.0,24,0.0,100.0,0.43333333333333335,0.0,60
100.0,24,0.5,0.02,0.0,0.0,60
100.0,24,0.5,0.05,0.0,0.0,60
100.0,24,0.5,0.1,0.0,0.0,60
100.0,24,0.5,0.2,0.0,0.0,60
100.0,24,0.5,0.5,0.0,0.0,60
100.0,24,0.5,1.0,0.0,0.0,60
100.0,24,0.5,2.0,0.0,0.0,60
100.0,24,0.5,5.0,0.0,0.0,60
100.0,24,0.5,10.0,0.0,0.0,60
100.0,24,0.5,20.0,0.0,0.0,60
100.0,24,0.5,50.0,0.0,0.0,60
100.0,24,0.5,100.0,0.6166666666666667,0.0,60
100.0,24,0.9,0.02,0.0,0.0,60
100.0,24,0.9,0.05,0.0,0.0,60
100.0,24,0.9,0.1,0.0,0.0,60
100.0,24,0.9,0.2,0.0,0.0,60
100.0,24,0.9,0.5,0.0,0.0,60
100.0,24,0.9,1.0,0.0,0.0,60
100.0,24,0.9,2.0,0.0,0.0,60
100.0,24,0.9,5.0,0.0,0.0,60
100.0,24,0.9,10.0,0.0,0.0,60
100.0,24,0.9,20.0,0.0,0.0,60
100.0,24,0.9,50.0,0.016666666666666666,0.0,60
100.0,24,0.9,100.0,0.7666666666666667,0.0,60
100.0,24,0.95,0.02,0.0,0.0,60
100.0,24,0.95,0.05,0.0,0.0,60
100.0,24,0.95,0.1,0.0,0.0,60
100.0,24,0.95,0.2,0.0,0.0,60
100.0,24,0.95,0.5,0.0,0.0,60
100.0,24,0.95,1.0,0.0,0.0,60
100.0,24,0.95,2.0,0.0,0.0,60
100.0,24,0.95,5.0,0.0,0.0,60
100.0,24,0.95,10.0,0.0,0.0,60
100.0,24,0.95,20.0,0.0,0.0,60
100.0,24,0.95,50.0,0.03333333333333333,0.0,60
100.0,24,0.95,100.0,0.85,0.0,60
100.0,4,0.0,0.02,0.0,0.0,60
100.0,4,0.0,0.05,0.0,0.0,60
100.0,4,0.0,0.1,0.0,0.0,60
100.0,4,0.0,0.2,0.0,0.0,60
100.0,4,0.0,0.5,0.0,0.0,60
100.0,4,0.0,1.0,0.0,0.0,60
100.0,4,0.0,2.0,0.0,0.0,60
100.0,4,0.0,5.0,0.0,0.0,60
100.0,4,0.0,10.0,0.0,0.0,60
100.0,4,0.0,20.0,0.0,0.0,60
100.0,4,0.0,50.0,0.06666666666666667,0.0,60
100.0,4,0.0,100.0,0.6666666666666666,0.0,60
100.0,4,0.5,0.02,0.0,0.0,60
100.0,4,0.5,0.05,0.0,0.0,60
100.0,4,0.5,0.1,0.0,0.0,60
100.0,4,0.5,0.2,0.0,0.0,60
100.0,4,0.5,0.5,0.0,0.0,60
100.0,4,0.5,1.0,0.0,0.0,60
100.0,4,0.5,2.0,0.0,0.0,60
100.0,4,0.5,5.0,0.0,0.0,60
100.0,4,0.5,10.0,0.0,0.0,60
100.0,4,0.5,20.0,0.0,0.0,60
100.0,4,0.5,50.0,0.016666666666666666,0.0,60
100.0,4,0.5,100.0,0.5666666666666667,0.0,60
100.0,4,0.9,0.02,0.0,0.0,60
100.0,4,0.9,0.05,0.0,0.0,60
100.0,4,0.9,0.1,0.0,0.0,60
100.0,4,0.9,0.2,0.0,0.0,60
100.0,4,0.9,0.5,0.0,0.0,60
100.0,4,0.9,1.0,0.0,0.0,60
100.0,4,0.9,2.0,0.0,0.0,60
100.0,4,0.9,5.0,0.0,0.0,60
100.0,4,0.9,10.0,0.0,0.0,60
100.0,4,0.9,20.0,0.0,0.0,60
100.0,4,0.9,50.0,0.03333333333333333,0.0,60
100.0,4,0.9,100.0,0.4166666666666667,0.0,60
100.0,4,0.95,0.02,0.0,0.0,60
100.0,4,0.95,0.05,0.0,0.0,60
100.0,4,0.95,0.1,0.0,0.0,60
100.0,4,0.95,0.2,0.0,0.0,60
100.0,4,0.95,0.5,0.0,0.0,60
100.0,4,0.95,1.0,0.0,0.0,60
100.0,4,0.95,2.0,0.0,0.0,60
100.0,4,0.95,5.0,0.0,0.0,60
100.0,4,0.95,10.0,0.0,0.0,60
100.0,4,0.95,20.0,0.0,0.0,60
100.0,4,0.95,50.0,0.0,0.0,60
100.0,4,0.95,100.0,0.2833333333333333,0.0,60
100.0,2,0.0,0.02,0.016666666666666666,0.016666666666666666,60
100.0,2,0.0,0.05,0.016666666666666666,0.016666666666666666,60
100.0,2,0.0,0.1,0.016666666666666666,0.016666666666666666,60
100.0,2,0.0,0.2,0.016666666666666666,0.016666666666666666,60
100.0,2,0.0,0.5,0.016666666666666666,0.016666666666666666,60
100.0,2,0.0,1.0,0.016666666666666666,0.016666666666666666,60
100.0,2,0.0,2.0,0.016666666666666666,0.016666666666666666,60
100.0,2,0.0,5.0,0.0,0.016666666666666666,60
100.0,2,0.0,10.0,0.0,0.016666666666666666,60
100.0,2,0.0,20.0,0.0,0.016666666666666666,60
100.0,2,0.0,50.0,0.06666666666666667,0.016666666666666666,60
100.0,2,0.0,100.0,0.6166666666666667,0.016666666666666666,60
100.0,2,0.5,0.02,0.0,0.0,60
100.0,2,0.5,0.05,0.0,0.0,60
100.0,2,0.5,0.1,0.0,0.0,60
100.0,2,0.5,0.2,0.0,0.0,60
100.0,2,0.5,0.5,0.0,0.0,60
100.0,2,0.5,1.0,0.0,0.0,60
100.0,2,0.5,2.0,0.0,0.0,60
100.0,2,0.5,5.0,0.0,0.0,60
100.0,2,0.5,10.0,0.0,0.0,60
100.0,2,0.5,20.0,0.0,0.0,60
100.0,2,0.5,50.0,0.06666666666666667,0.0,60
100.0,2,0.5,100.0,0.43333333333333335,0.0,60
100.0,2,0.9,0.02,0.0,0.0,60
100.0,2,0.9,0.05,0.0,0.0,60
100.0,2,0.9,0.1,0.0,0.0,60
100.0,2,0.9,0.2,0.0,0.0,60
100.0,2,0.9,0.5,0.0,0.0,60
100.0,2,0.9,1.0,0.0,0.0,60
100.0,2,0.9,2.0,0.0,0.0,60
100.0,2,0.9,5.0,0.0,0.0,60
100.0,2,0.9,10.0,0.0,0.0,60
100.0,2,0.9,20.0,0.0,0.0,60
100.0,2,0.9,50.0,0.016666666666666666,0.0,60
100.0,2,0.9,100.0,0.38333333333333336,0.0,60
100.0,2,0.95,0.02,0.0,0.0,60
100.0,2,0.95,0.05,0.0,0.0,60
100.0,2,0.95,0.1,0.0,0.0,60
100.0,2,0.95,0.2,0.0,0.0,60
100.0,2,0.95,0.5,0.0,0.0,60
100.0,2,0.95,1.0,0.0,0.0,60
100.0,2,0.95,2.0,0.0,0.0,60
100.0,2,0.95,5.0,0.0,0.0,60
100.0,2,0.95,10.0,0.0,0.0,60
100.0,2,0.95,20.0,0.0,0.0,60
100.0,2,0.95,50.0,0.05,0.0,60
100.0,2,0.95,100.0,0.5166666666666667,0.0,60
100.0,1,0.0,0.02,0.016666666666666666,0.03333333333333333,60
100.0,1,0.0,0.05,0.016666666666666666,0.03333333333333333,60
100.0,1,0.0,0.1,0.016666666666666666,0.03333333333333333,60
100.0,1,0.0,0.2,0.016666666666666666,0.03333333333333333,60
100.0,1,0.0,0.5,0.016666666666666666,0.03333333333333333,60
100.0,1,0.0,1.0,0.016666666666666666,0.03333333333333333,60
100.0,1,0.0,2.0,0.016666666666666666,0.03333333333333333,60
100.0,1,0.0,5.0,0.0,0.03333333333333333,60
100.0,1,0.0,10.0,0.0,0.03333333333333333,60
100.0,1,0.0,20.0,0.0,0.03333333333333333,60
100.0,1,0.0,50.0,0.06666666666666667,0.03333333333333333,60
100.0,1,0.0,100.0,0.23333333333333334,0.03333333333333333,60
100.0,1,0.5,0.02,0.0,0.0,60
100.0,1,0.5,0.05,0.0,0.0,60
100.0,1,0.5,0.1,0.0,0.0,60
100.0,1,0.5,0.2,0.0,0.0,60
100.0,1,0.5,0.5,0.0,0.0,60
100.0,1,0.5,1.0,0.0,0.0,60
100.0,1,0.5,2.0,0.0,0.0,60
100.0,1,0.5,5.0,0.0,0.0,60
100.0,1,0.5,10.0,0.0,0.0,60
100.0,1,0.5,20.0,0.0,0.0,60
100.0,1,0.5,50.0,0.0,0.0,60
100.0,1,0.5,100.0,0.2,0.0,60
100.0,1,0.9,0.02,0.0,0.0,60
100.0,1,0.9,0.05,0.0,0.0,60
100.0,1,0.9,0.1,0.0,0.0,60
100.0,1,0.9,0.2,0.0,0.0,60
100.0,1,0.9,0.5,0.0,0.0,60
100.0,1,0.9,1.0,0.0,0.0,60
100.0,1,0.9,2.0,0.0,0.0,60
100.0,1,0.9,5.0,0.0,0.0,60
100.0,1,0.9,10.0,0.0,0.0,60
100.0,1,0.9,20.0,0.0,0.0,60
100.0,1,0.9,50.0,0.0,0.0,60
100.0,1,0.9,100.0,0.06666666666666667,0.0,60
100.0,1,0.95,0.02,0.0,0.0,60
100.0,1,0.95,0.05,0.0,0.0,60
100.0,1,0.95,0.1,0.0,0.0,60
100.0,1,0.95,0.2,0.0,0.0,60
100.0,1,0.95,0.5,0.0,0.0,60
100.0,1,0.95,1.0,0.0,0.0,60
100.0,1,0.95,2.0,0.0,0.0,60
100.0,1,0.95,5.0,0.0,0.0,60
100.0,1,0.95,10.0,0.0,0.0,60
100.0,1,0.95,20.0,0.016666666666666666,0.0,60
100.0,1,0.95,50.0,0.03333333333333333,0.0,60
100.0,1,0.95,100.0,0.21666666666666667,0.0,60
300.0,8640,0.0,0.02,0.0,0.0,60
300.0,8640,0.0,0.05,0.0,0.0,60
300.0,8640,0.0,0.1,0.0,0.0,60
300.0,8640,0.0,0.2,0.0,0.0,60
300.0,8640,0.0,0.5,0.0,0.0,60
300.0,8640,0.0,1.0,0.0,0.0,60
300.0,8640,0.0,2.0,0.0,0.0,60
300.0,8640,0.0,5.0,0.0,0.0,60
300.0,8640,0.0,10.0,0.03333333333333333,0.0,60
300.0,8640,0.0,20.0,0.9666666666666667,0.0,60
300.0,8640,0.0,50.0,1.0,0.0,60
300.0,8640,0.0,100.0,1.0,0.0,60
300.0,8640,0.5,0.02,0.0,0.0,60
300.0,8640,0.5,0.05,0.0,0.0,60
300.0,8640,0.5,0.1,0.0,0.0,60
300.0,8640,0.5,0.2,0.0,0.0,60
300.0,8640,0.5,0.5,0.0,0.0,60
300.0,8640,0.5,1.0,0.0,0.0,60
300.0,8640,0.5,2.0,0.0,0.0,60
300.0,8640,0.5,5.0,0.0,0.0,60
300.0,8640,0.5,10.0,0.0,0.0,60
300.0,8640,0.5,20.0,0.1,0.0,60
300.0,8640,0.5,50.0,1.0,0.0,60
300.0,8640,0.5,100.0,1.0,0.0,60
300.0,8640,0.9,0.02,0.0,0.0,60
300.0,8640,0.9,0.05,0.0,0.0,60
300.0,8640,0.9,0.1,0.0,0.0,60
300.0,8640,0.9,0.2,0.0,0.0,60
300.0,8640,0.9,0.5,0.0,0.0,60
300.0,8640,0.9,1.0,0.0,0.0,60
300.0,8640,0.9,2.0,0.0,0.0,60
300.0,8640,0.9,5.0,0.0,0.0,60
300.0,8640,0.9,10.0,0.0,0.0,60
300.0,8640,0.9,20.0,0.0,0.0,60
300.0,8640,0.9,50.0,0.11666666666666667,0.0,60
300.0,8640,0.9,100.0,1.0,0.0,60
300.0,8640,0.95,0.02,0.0,0.0,60
300.0,8640,0.95,0.05,0.0,0.0,60
300.0,8640,0.95,0.1,0.0,0.0,60
300.0,8640,0.95,0.2,0.0,0.0,60
300.0,8640,0.95,0.5,0.0,0.0,60
300.0,8640,0.95,1.0,0.0,0.0,60
300.0,8640,0.95,2.0,0.0,0.0,60
300.0,8640,0.95,5.0,0.0,0.0,60
300.0,8640,0.95,10.0,0.0,0.0,60
300.0,8640,0.95,20.0,0.0,0.0,60
300.0,8640,0.95,50.0,0.0,0.0,60
300.0,8640,0.95,100.0,0.75,0.0,60
300.0,1440,0.0,0.02,0.0,0.0,60
300.0,1440,0.0,0.05,0.0,0.0,60
300.0,1440,0.0,0.1,0.0,0.0,60
300.0,1440,0.0,0.2,0.0,0.0,60
300.0,1440,0.0,0.5,0.0,0.0,60
300.0,1440,0.0,1.0,0.0,0.0,60
300.0,1440,0.0,2.0,0.0,0.0,60
300.0,1440,0.0,5.0,0.0,0.0,60
300.0,1440,0.0,10.0,0.0,0.0,60
300.0,1440,0.0,20.0,0.0,0.0,60
300.0,1440,0.0,50.0,0.9833333333333333,0.0,60
300.0,1440,0.0,100.0,1.0,0.0,60
300.0,1440,0.5,0.02,0.0,0.0,60
300.0,1440,0.5,0.05,0.0,0.0,60
300.0,1440,0.5,0.1,0.0,0.0,60
300.0,1440,0.5,0.2,0.0,0.0,60
300.0,1440,0.5,0.5,0.0,0.0,60
300.0,1440,0.5,1.0,0.0,0.0,60
300.0,1440,0.5,2.0,0.0,0.0,60
300.0,1440,0.5,5.0,0.0,0.0,60
300.0,1440,0.5,10.0,0.0,0.0,60
300.0,1440,0.5,20.0,0.0,0.0,60
300.0,1440,0.5,50.0,0.11666666666666667,0.0,60
300.0,1440,0.5,100.0,1.0,0.0,60
300.0,1440,0.9,0.02,0.0,0.0,60
300.0,1440,0.9,0.05,0.0,0.0,60
300.0,1440,0.9,0.1,0.0,0.0,60
300.0,1440,0.9,0.2,0.0,0.0,60
300.0,1440,0.9,0.5,0.0,0.0,60
300.0,1440,0.9,1.0,0.0,0.0,60
300.0,1440,0.9,2.0,0.0,0.0,60
300.0,1440,0.9,5.0,0.0,0.0,60
300.0,1440,0.9,10.0,0.0,0.0,60
300.0,1440,0.9,20.0,0.0,0.0,60
300.0,1440,0.9,50.0,0.0,0.0,60
300.0,1440,0.9,100.0,0.11666666666666667,0.0,60
300.0,1440,0.95,0.02,0.0,0.0,60
300.0,1440,0.95,0.05,0.0,0.0,60
300.0,1440,0.95,0.1,0.0,0.0,60
300.0,1440,0.95,0.2,0.0,0.0,60
300.0,1440,0.95,0.5,0.0,0.0,60
300.0,1440,0.95,1.0,0.0,0.0,60
300.0,1440,0.95,2.0,0.0,0.0,60
300.0,1440,0.95,5.0,0.0,0.0,60
300.0,1440,0.95,10.0,0.0,0.0,60
300.0,1440,0.95,20.0,0.0,0.0,60
300.0,1440,0.95,50.0,0.0,0.0,60
300.0,1440,0.95,100.0,0.06666666666666667,0.0,60
300.0,144,0.0,0.02,0.0,0.0,60
300.0,144,0.0,0.05,0.0,0.0,60
300.0,144,0.0,0.1,0.0,0.0,60
300.0,144,0.0,0.2,0.0,0.0,60
300.0,144,0.0,0.5,0.0,0.0,60
300.0,144,0.0,1.0,0.0,0.0,60
300.0,144,0.0,2.0,0.0,0.0,60
300.0,144,0.0,5.0,0.0,0.0,60
300.0,144,0.0,10.0,0.0,0.0,60
300.0,144,0.0,20.0,0.0,0.0,60
300.0,144,0.0,50.0,0.0,0.0,60
300.0,144,0.0,100.0,0.3333333333333333,0.0,60
300.0,144,0.5,0.02,0.0,0.0,60
300.0,144,0.5,0.05,0.0,0.0,60
300.0,144,0.5,0.1,0.0,0.0,60
300.0,144,0.5,0.2,0.0,0.0,60
300.0,144,0.5,0.5,0.0,0.0,60
300.0,144,0.5,1.0,0.0,0.0,60
300.0,144,0.5,2.0,0.0,0.0,60
300.0,144,0.5,5.0,0.0,0.0,60
300.0,144,0.5,10.0,0.0,0.0,60
300.0,144,0.5,20.0,0.0,0.0,60
300.0,144,0.5,50.0,0.0,0.0,60
300.0,144,0.5,100.0,0.016666666666666666,0.0,60
300.0,144,0.9,0.02,0.0,0.0,60
300.0,144,0.9,0.05,0.0,0.0,60
300.0,144,0.9,0.1,0.0,0.0,60
300.0,144,0.9,0.2,0.0,0.0,60
300.0,144,0.9,0.5,0.0,0.0,60
300.0,144,0.9,1.0,0.0,0.0,60
300.0,144,0.9,2.0,0.0,0.0,60
300.0,144,0.9,5.0,0.0,0.0,60
300.0,144,0.9,10.0,0.0,0.0,60
300.0,144,0.9,20.0,0.0,0.0,60
300.0,144,0.9,50.0,0.0,0.0,60
300.0,144,0.9,100.0,0.18333333333333332,0.0,60
300.0,144,0.95,0.02,0.0,0.0,60
300.0,144,0.95,0.05,0.0,0.0,60
300.0,144,0.95,0.1,0.0,0.0,60
300.0,144,0.95,0.2,0.0,0.0,60
300.0,144,0.95,0.5,0.0,0.0,60
300.0,144,0.95,1.0,0.0,0.0,60
300.0,144,0.95,2.0,0.0,0.0,60
300.0,144,0.95,5.0,0.0,0.0,60
300.0,144,0.95,10.0,0.0,0.0,60
300.0,144,0.95,20.0,0.0,0.0,60
300.0,144,0.95,50.0,0.016666666666666666,0.0,60
300.0,144,0.95,100.0,0.9,0.0,60
300.0,24,0.0,0.02,0.0,0.0,60
300.0,24,0.0,0.05,0.0,0.0,60
300.0,24,0.0,0.1,0.0,0.0,60
300.0,24,0.0,0.2,0.0,0.0,60
300.0,24,0.0,0.5,0.0,0.0,60
300.0,24,0.0,1.0,0.0,0.0,60
300.0,24,0.0,2.0,0.0,0.0,60
300.0,24,0.0,5.0,0.0,0.0,60
300.0,24,0.0,10.0,0.0,0.0,60
300.0,24,0.0,20.0,0.0,0.0,60
300.0,24,0.0,50.0,0.0,0.0,60
300.0,24,0.0,100.0,0.0,0.0,60
300.0,24,0.5,0.02,0.0,0.0,60
300.0,24,0.5,0.05,0.0,0.0,60
300.0,24,0.5,0.1,0.0,0.0,60
300.0,24,0.5,0.2,0.0,0.0,60
300.0,24,0.5,0.5,0.0,0.0,60
300.0,24,0.5,1.0,0.0,0.0,60
300.0,24,0.5,2.0,0.0,0.0,60
300.0,24,0.5,5.0,0.0,0.0,60
300.0,24,0.5,10.0,0.0,0.0,60
300.0,24,0.5,20.0,0.0,0.0,60
300.0,24,0.5,50.0,0.0,0.0,60
300.0,24,0.5,100.0,0.0,0.0,60
300.0,24,0.9,0.02,0.0,0.0,60
300.0,24,0.9,0.05,0.0,0.0,60
300.0,24,0.9,0.1,0.0,0.0,60
300.0,24,0.9,0.2,0.0,0.0,60
300.0,24,0.9,0.5,0.0,0.0,60
300.0,24,0.9,1.0,0.0,0.0,60
300.0,24,0.9,2.0,0.0,0.0,60
300.0,24,0.9,5.0,0.0,0.0,60
300.0,24,0.9,10.0,0.0,0.0,60
300.0,24,0.9,20.0,0.0,0.0,60
300.0,24,0.9,50.0,0.0,0.0,60
300.0,24,0.9,100.0,0.0,0.0,60
300.0,24,0.95,0.02,0.0,0.0,60
300.0,24,0.95,0.05,0.0,0.0,60
300.0,24,0.95,0.1,0.0,0.0,60
300.0,24,0.95,0.2,0.0,0.0,60
300.0,24,0.95,0.5,0.0,0.0,60
300.0,24,0.95,1.0,0.0,0.0,60
300.0,24,0.95,2.0,0.0,0.0,60
300.0,24,0.95,5.0,0.0,0.0,60
300.0,24,0.95,10.0,0.0,0.0,60
300.0,24,0.95,20.0,0.0,0.0,60
300.0,24,0.95,50.0,0.0,0.0,60
300.0,24,0.95,100.0,0.0,0.0,60
300.0,4,0.0,0.02,0.0,0.016666666666666666,60
300.0,4,0.0,0.05,0.0,0.016666666666666666,60
300.0,4,0.0,0.1,0.0,0.016666666666666666,60
300.0,4,0.0,0.2,0.0,0.016666666666666666,60
300.0,4,0.0,0.5,0.0,0.016666666666666666,60
300.0,4,0.0,1.0,0.0,0.016666666666666666,60
300.0,4,0.0,2.0,0.0,0.016666666666666666,60
300.0,4,0.0,5.0,0.0,0.016666666666666666,60
300.0,4,0.0,10.0,0.0,0.016666666666666666,60
300.0,4,0.0,20.0,0.0,0.016666666666666666,60
300.0,4,0.0,50.0,0.0,0.016666666666666666,60
300.0,4,0.0,100.0,0.016666666666666666,0.016666666666666666,60
300.0,4,0.5,0.02,0.0,0.0,60
300.0,4,0.5,0.05,0.0,0.0,60
300.0,4,0.5,0.1,0.0,0.0,60
300.0,4,0.5,0.2,0.0,0.0,60
300.0,4,0.5,0.5,0.0,0.0,60
300.0,4,0.5,1.0,0.0,0.0,60
300.0,4,0.5,2.0,0.0,0.0,60
300.0,4,0.5,5.0,0.0,0.0,60
300.0,4,0.5,10.0,0.0,0.0,60
300.0,4,0.5,20.0,0.0,0.0,60
300.0,4,0.5,50.0,0.0,0.0,60
300.0,4,0.5,100.0,0.0,0.0,60
300.0,4,0.9,0.02,0.0,0.0,60
300.0,4,0.9,0.05,0.0,0.0,60
300.0,4,0.9,0.1,0.0,0.0,60
300.0,4,0.9,0.2,0.0,0.0,60
300.0,4,0.9,0.5,0.0,0.0,60
300.0,4,0.9,1.0,0.0,0.0,60
300.0,4,0.9,2.0,0.0,0.0,60
300.0,4,0.9,5.0,0.0,0.0,60
300.0,4,0.9,10.0,0.0,0.0,60
300.0,4,0.9,20.0,0.0,0.0,60
300.0,4,0.9,50.0,0.0,0.0,60
300.0,4,0.9,100.0,0.0,0.0,60
300.0,4,0.95,0.02,0.0,0.0,60
300.0,4,0.95,0.05,0.0,0.0,60
300.0,4,0.95,0.1,0.0,0.0,60
300.0,4,0.95,0.2,0.0,0.0,60
300.0,4,0.95,0.5,0.0,0.0,60
300.0,4,0.95,1.0,0.0,0.0,60
300.0,4,0.95,2.0,0.0,0.0,60
300.0,4,0.95,5.0,0.0,0.0,60
300.0,4,0.95,10.0,0.0,0.0,60
300.0,4,0.95,20.0,0.0,0.0,60
300.0,4,0.95,50.0,0.0,0.0,60
300.0,4,0.95,100.0,0.0,0.0,60
300.0,2,0.0,0.02,0.0,0.0,60
300.0,2,0.0,0.05,0.0,0.0,60
300.0,2,0.0,0.1,0.0,0.0,60
300.0,2,0.0,0.2,0.0,0.0,60
300.0,2,0.0,0.5,0.0,0.0,60
300.0,2,0.0,1.0,0.0,0.0,60
300.0,2,0.0,2.0,0.0,0.0,60
300.0,2,0.0,5.0,0.0,0.0,60
300.0,2,0.0,10.0,0.0,0.0,60
300.0,2,0.0,20.0,0.0,0.0,60
300.0,2,0.0,50.0,0.0,0.0,60
300.0,2,0.0,100.0,0.0,0.0,60
300.0,2,0.5,0.02,0.0,0.0,60
300.0,2,0.5,0.05,0.0,0.0,60
300.0,2,0.5,0.1,0.0,0.0,60
300.0,2,0.5,0.2,0.0,0.0,60
300.0,2,0.5,0.5,0.0,0.0,60
300.0,2,0.5,1.0,0.0,0.0,60
300.0,2,0.5,2.0,0.0,0.0,60
300.0,2,0.5,5.0,0.0,0.0,60
300.0,2,0.5,10.0,0.0,0.0,60
300.0,2,0.5,20.0,0.0,0.0,60
300.0,2,0.5,50.0,0.0,0.0,60
300.0,2,0.5,100.0,0.0,0.0,60
300.0,2,0.9,0.02,0.0,0.0,60
300.0,2,0.9,0.05,0.0,0.0,60
300.0,2,0.9,0.1,0.0,0.0,60
300.0,2,0.9,0.2,0.0,0.0,60
300.0,2,0.9,0.5,0.0,0.0,60
300.0,2,0.9,1.0,0.0,0.0,60
300.0,2,0.9,2.0,0.0,0.0,60
300.0,2,0.9,5.0,0.0,0.0,60
300.0,2,0.9,10.0,0.0,0.0,60
300.0,2,0.9,20.0,0.0,0.0,60
300.0,2,0.9,50.0,0.0,0.0,60
300.0,2,0.9,100.0,0.0,0.0,60
300.0,2,0.95,0.02,0.0,0.0,60
300.0,2,0.95,0.05,0.0,0.0,60
300.0,2,0.95,0.1,0.0,0.0,60
300.0,2,0.95,0.2,0.0,0.0,60
300.0,2,0.95,0.5,0.0,0.0,60
300.0,2,0.95,1.0,0.0,0.0,60
300.0,2,0.95,2.0,0.0,0.0,60
300.0,2,0.95,5.0,0.0,0.0,60
300.0,2,0.95,10.0,0.0,0.0,60
300.0,2,0.95,20.0,0.0,0.0,60
300.0,2,0.95,50.0,0.0,0.0,60
300.0,2,0.95,100.0,0.016666666666666666,0.0,60
300.0,1,0.0,0.02,0.0,0.016666666666666666,60
300.0,1,0.0,0.05,0.0,0.016666666666666666,60
300.0,1,0.0,0.1,0.0,0.016666666666666666,60
300.0,1,0.0,0.2,0.0,0.016666666666666666,60
300.0,1,0.0,0.5,0.0,0.016666666666666666,60
300.0,1,0.0,1.0,0.0,0.016666666666666666,60
300.0,1,0.0,2.0,0.0,0.016666666666666666,60
300.0,1,0.0,5.0,0.0,0.016666666666666666,60
300.0,1,0.0,10.0,0.0,0.016666666666666666,60
300.0,1,0.0,20.0,0.0,0.016666666666666666,60
300.0,1,0.0,50.0,0.0,0.016666666666666666,60
300.0,1,0.0,100.0,0.016666666666666666,0.016666666666666666,60
300.0,1,0.5,0.02,0.0,0.016666666666666666,60
300.0,1,0.5,0.05,0.0,0.016666666666666666,60
300.0,1,0.5,0.1,0.0,0.016666666666666666,60
300.0,1,0.5,0.2,0.0,0.016666666666666666,60
300.0,1,0.5,0.5,0.0,0.016666666666666666,60
300.0,1,0.5,1.0,0.0,0.016666666666666666,60
300.0,1,0.5,2.0,0.0,0.016666666666666666,60
300.0,1,0.5,5.0,0.0,0.016666666666666666,60
300.0,1,0.5,10.0,0.016666666666666666,0.016666666666666666,60
300.0,1,0.5,20.0,0.016666666666666666,0.016666666666666666,60
300.0,1,0.5,50.0,0.0,0.016666666666666666,60
300.0,1,0.5,100.0,0.05,0.016666666666666666,60
300.0,1,0.9,0.02,0.0,0.0,60
300.0,1,0.9,0.05,0.0,0.0,60
300.0,1,0.9,0.1,0.0,0.0,60
300.0,1,0.9,0.2,0.0,0.0,60
300.0,1,0.9,0.5,0.0,0.0,60
300.0,1,0.9,1.0,0.0,0.0,60
300.0,1,0.9,2.0,0.0,0.0,60
300.0,1,0.9,5.0,0.0,0.0,60
300.0,1,0.9,10.0,0.0,0.0,60
300.0,1,0.9,20.0,0.0,0.0,60
300.0,1,0.9,50.0,0.0,0.0,60
300.0,1,0.9,100.0,0.0,0.0,60
300.0,1,0.95,0.02,0.0,0.0,60
300.0,1,0.95,0.05,0.0,0.0,60
300.0,1,0.95,0.1,0.0,0.0,60
300.0,1,0.95,0.2,0.0,0.0,60
300.0,1,0.95,0.5,0.0,0.0,60
300.0,1,0.95,1.0,0.0,0.0,60
300.0,1,0.95,2.0,0.0,0.0,60
300.0,1,0.95,5.0,0.0,0.0,60
300.0,1,0.95,10.0,0.0,0.0,60
300.0,1,0.95,20.0,0.0,0.0,60
300.0,1,0.95,50.0,0.0,0.0,60
300.0,1,0.95,100.0,0.016666666666666666,0.0,60
1000.0,8640,0.0,0.02,0.0,0.0,60
1000.0,8640,0.0,0.05,0.0,0.0,60
1000.0,8640,0.0,0.1,0.0,0.0,60
1000.0,8640,0.0,0.2,0.0,0.0,60
1000.0,8640,0.0,0.5,0.0,0.0,60
1000.0,8640,0.0,1.0,0.0,0.0,60
1000.0,8640,0.0,2.0,0.0,0.0,60
1000.0,8640,0.0,5.0,0.0,0.0,60
1000.0,8640,0.0,10.0,0.0,0.0,60
1000.0,8640,0.0,20.0,0.0,0.0,60
1000.0,8640,0.0,50.0,0.5666666666666667,0.0,60
1000.0,8640,0.0,100.0,1.0,0.0,60
1000.0,8640,0.5,0.02,0.0,0.0,60
1000.0,8640,0.5,0.05,0.0,0.0,60
1000.0,8640,0.5,0.1,0.0,0.0,60
1000.0,8640,0.5,0.2,0.0,0.0,60
1000.0,8640,0.5,0.5,0.0,0.0,60
1000.0,8640,0.5,1.0,0.0,0.0,60
1000.0,8640,0.5,2.0,0.0,0.0,60
1000.0,8640,0.5,5.0,0.0,0.0,60
1000.0,8640,0.5,10.0,0.0,0.0,60
1000.0,8640,0.5,20.0,0.0,0.0,60
1000.0,8640,0.5,50.0,0.0,0.0,60
1000.0,8640,0.5,100.0,0.8,0.0,60
1000.0,8640,0.9,0.02,0.0,0.0,60
1000.0,8640,0.9,0.05,0.0,0.0,60
1000.0,8640,0.9,0.1,0.0,0.0,60
1000.0,8640,0.9,0.2,0.0,0.0,60
1000.0,8640,0.9,0.5,0.0,0.0,60
1000.0,8640,0.9,1.0,0.0,0.0,60
1000.0,8640,0.9,2.0,0.0,0.0,60
1000.0,8640,0.9,5.0,0.0,0.0,60
1000.0,8640,0.9,10.0,0.0,0.0,60
1000.0,8640,0.9,20.0,0.0,0.0,60
1000.0,8640,0.9,50.0,0.0,0.0,60
1000.0,8640,0.9,100.0,0.016666666666666666,0.0,60
1000.0,8640,0.95,0.02,0.0,0.0,60
1000.0,8640,0.95,0.05,0.0,0.0,60
1000.0,8640,0.95,0.1,0.0,0.0,60
1000.0,8640,0.95,0.2,0.0,0.0,60
1000.0,8640,0.95,0.5,0.0,0.0,60
1000.0,8640,0.95,1.0,0.0,0.0,60
1000.0,8640,0.95,2.0,0.0,0.0,60
1000.0,8640,0.95,5.0,0.0,0.0,60
1000.0,8640,0.95,10.0,0.0,0.0,60
1000.0,8640,0.95,20.0,0.0,0.0,60
1000.0,8640,0.95,50.0,0.0,0.0,60
1000.0,8640,0.95,100.0,0.0,0.0,60
1000.0,1440,0.0,0.02,0.0,0.0,60
1000.0,1440,0.0,0.05,0.0,0.0,60
1000.0,1440,0.0,0.1,0.0,0.0,60
1000.0,1440,0.0,0.2,0.0,0.0,60
1000.0,1440,0.0,0.5,0.0,0.0,60
1000.0,1440,0.0,1.0,0.0,0.0,60
1000.0,1440,0.0,2.0,0.0,0.0,60
1000.0,1440,0.0,5.0,0.0,0.0,60
1000.0,1440,0.0,10.0,0.0,0.0,60
1000.0,1440,0.0,20.0,0.0,0.0,60
1000.0,1440,0.0,50.0,0.0,0.0,60
1000.0,1440,0.0,100.0,0.16666666666666666,0.0,60
1000.0,1440,0.5,0.02,0.0,0.0,60
1000.0,1440,0.5,0.05,0.0,0.0,60
1000.0,1440,0.5,0.1,0.0,0.0,60
1000.0,1440,0.5,0.2,0.0,0.0,60
1000.0,1440,0.5,0.5,0.0,0.0,60
1000.0,1440,0.5,1.0,0.0,0.0,60
1000.0,1440,0.5,2.0,0.0,0.0,60
1000.0,1440,0.5,5.0,0.0,0.0,60
1000.0,1440,0.5,10.0,0.0,0.0,60
1000.0,1440,0.5,20.0,0.0,0.0,60
1000.0,1440,0.5,50.0,0.0,0.0,60
1000.0,1440,0.5,100.0,0.0,0.0,60
1000.0,1440,0.9,0.02,0.0,0.0,60
1000.0,1440,0.9,0.05,0.0,0.0,60
1000.0,1440,0.9,0.1,0.0,0.0,60
1000.0,1440,0.9,0.2,0.0,0.0,60
1000.0,1440,0.9,0.5,0.0,0.0,60
1000.0,1440,0.9,1.0,0.0,0.0,60
1000.0,1440,0.9,2.0,0.0,0.0,60
1000.0,1440,0.9,5.0,0.0,0.0,60
1000.0,1440,0.9,10.0,0.0,0.0,60
1000.0,1440,0.9,20.0,0.0,0.0,60
1000.0,1440,0.9,50.0,0.0,0.0,60
1000.0,1440,0.9,100.0,0.0,0.0,60
1000.0,1440,0.95,0.02,0.0,0.0,60
1000.0,1440,0.95,0.05,0.0,0.0,60
1000.0,1440,0.95,0.1,0.0,0.0,60
1000.0,1440,0.95,0.2,0.0,0.0,60
1000.0,1440,0.95,0.5,0.0,0.0,60
1000.0,1440,0.95,1.0,0.0,0.0,60
1000.0,1440,0.95,2.0,0.0,0.0,60
1000.0,1440,0.95,5.0,0.0,0.0,60
1000.0,1440,0.95,10.0,0.0,0.0,60
1000.0,1440,0.95,20.0,0.0,0.0,60
1000.0,1440,0.95,50.0,0.0,0.0,60
1000.0,1440,0.95,100.0,0.0,0.0,60
1000.0,144,0.0,0.02,0.0,0.0,60
1000.0,144,0.0,0.05,0.0,0.0,60
1000.0,144,0.0,0.1,0.0,0.0,60
1000.0,144,0.0,0.2,0.0,0.0,60
1000.0,144,0.0,0.5,0.0,0.0,60
1000.0,144,0.0,1.0,0.0,0.0,60
1000.0,144,0.0,2.0,0.0,0.0,60
1000.0,144,0.0,5.0,0.0,0.0,60
1000.0,144,0.0,10.0,0.0,0.0,60
1000.0,144,0.0,20.0,0.0,0.0,60
1000.0,144,0.0,50.0,0.0,0.0,60
1000.0,144,0.0,100.0,0.0,0.0,60
1000.0,144,0.5,0.02,0.0,0.0,60
1000.0,144,0.5,0.05,0.0,0.0,60
1000.0,144,0.5,0.1,0.0,0.0,60
1000.0,144,0.5,0.2,0.0,0.0,60
1000.0,144,0.5,0.5,0.0,0.0,60
1000.0,144,0.5,1.0,0.0,0.0,60
1000.0,144,0.5,2.0,0.0,0.0,60
1000.0,144,0.5,5.0,0.0,0.0,60
1000.0,144,0.5,10.0,0.0,0.0,60
1000.0,144,0.5,20.0,0.0,0.0,60
1000.0,144,0.5,50.0,0.0,0.0,60
1000.0,144,0.5,100.0,0.0,0.0,60
1000.0,144,0.9,0.02,0.0,0.0,60
1000.0,144,0.9,0.05,0.0,0.0,60
1000.0,144,0.9,0.1,0.0,0.0,60
1000.0,144,0.9,0.2,0.0,0.0,60
1000.0,144,0.9,0.5,0.0,0.0,60
1000.0,144,0.9,1.0,0.0,0.0,60
1000.0,144,0.9,2.0,0.0,0.0,60
1000.0,144,0.9,5.0,0.0,0.0,60
1000.0,144,0.9,10.0,0.0,0.0,60
1000.0,144,0.9,20.0,0.0,0.0,60
1000.0,144,0.9,50.0,0.0,0.0,60
1000.0,144,0.9,100.0,0.0,0.0,60
1000.0,144,0.95,0.02,0.0,0.0,60
1000.0,144,0.95,0.05,0.0,0.0,60
1000.0,144,0.95,0.1,0.0,0.0,60
1000.0,144,0.95,0.2,0.0,0.0,60
1000.0,144,0.95,0.5,0.0,0.0,60
1000.0,144,0.95,1.0,0.0,0.0,60
1000.0,144,0.95,2.0,0.0,0.0,60
1000.0,144,0.95,5.0,0.0,0.0,60
1000.0,144,0.95,10.0,0.0,0.0,60
1000.0,144,0.95,20.0,0.0,0.0,60
1000.0,144,0.95,50.0,0.0,0.0,60
1000.0,144,0.95,100.0,0.0,0.0,60
1000.0,24,0.0,0.02,0.0,0.0,60
1000.0,24,0.0,0.05,0.0,0.0,60
1000.0,24,0.0,0.1,0.0,0.0,60
1000.0,24,0.0,0.2,0.0,0.0,60
1000.0,24,0.0,0.5,0.0,0.0,60
1000.0,24,0.0,1.0,0.0,0.0,60
1000.0,24,0.0,2.0,0.0,0.0,60
1000.0,24,0.0,5.0,0.0,0.0,60
1000.0,24,0.0,10.0,0.0,0.0,60
1000.0,24,0.0,20.0,0.0,0.0,60
1000.0,24,0.0,50.0,0.0,0.0,60
1000.0,24,0.0,100.0,0.0,0.0,60
1000.0,24,0.5,0.02,0.0,0.0,60
1000.0,24,0.5,0.05,0.0,0.0,60
1000.0,24,0.5,0.1,0.0,0.0,60
1000.0,24,0.5,0.2,0.0,0.0,60
1000.0,24,0.5,0.5,0.0,0.0,60
1000.0,24,0.5,1.0,0.0,0.0,60
1000.0,24,0.5,2.0,0.0,0.0,60
1000.0,24,0.5,5.0,0.0,0.0,60
1000.0,24,0.5,10.0,0.0,0.0,60
1000.0,24,0.5,20.0,0.0,0.0,60
1000.0,24,0.5,50.0,0.0,0.0,60
1000.0,24,0.5,100.0,0.0,0.0,60
1000.0,24,0.9,0.02,0.0,0.0,60
1000.0,24,0.9,0.05,0.0,0.0,60
1000.0,24,0.9,0.1,0.0,0.0,60
1000.0,24,0.9,0.2,0.0,0.0,60
1000.0,24,0.9,0.5,0.0,0.0,60
1000.0,24,0.9,1.0,0.0,0.0,60
1000.0,24,0.9,2.0,0.0,0.0,60
1000.0,24,0.9,5.0,0.0,0.0,60
1000.0,24,0.9,10.0,0.0,0.0,60
1000.0,24,0.9,20.0,0.0,0.0,60
1000.0,24,0.9,50.0,0.0,0.0,60
1000.0,24,0.9,100.0,0.0,0.0,60
1000.0,24,0.95,0.02,0.0,0.0,60
1000.0,24,0.95,0.05,0.0,0.0,60
1000.0,24,0.95,0.1,0.0,0.0,60
1000.0,24,0.95,0.2,0.0,0.0,60
1000.0,24,0.95,0.5,0.0,0.0,60
1000.0,24,0.95,1.0,0.0,0.0,60
1000.0,24,0.95,2.0,0.0,0.0,60
1000.0,24,0.95,5.0,0.0,0.0,60
1000.0,24,0.95,10.0,0.0,0.0,60
1000.0,24,0.95,20.0,0.0,0.0,60
1000.0,24,0.95,50.0,0.0,0.0,60
1000.0,24,0.95,100.0,0.0,0.0,60
1000.0,4,0.0,0.02,0.0,0.0,60
1000.0,4,0.0,0.05,0.0,0.0,60
1000.0,4,0.0,0.1,0.0,0.0,60
1000.0,4,0.0,0.2,0.0,0.0,60
1000.0,4,0.0,0.5,0.0,0.0,60
1000.0,4,0.0,1.0,0.0,0.0,60
1000.0,4,0.0,2.0,0.0,0.0,60
1000.0,4,0.0,5.0,0.0,0.0,60
1000.0,4,0.0,10.0,0.0,0.0,60
1000.0,4,0.0,20.0,0.0,0.0,60
1000.0,4,0.0,50.0,0.0,0.0,60
1000.0,4,0.0,100.0,0.0,0.0,60
1000.0,4,0.5,0.02,0.0,0.0,60
1000.0,4,0.5,0.05,0.0,0.0,60
1000.0,4,0.5,0.1,0.0,0.0,60
1000.0,4,0.5,0.2,0.0,0.0,60
1000.0,4,0.5,0.5,0.0,0.0,60
1000.0,4,0.5,1.0,0.0,0.0,60
1000.0,4,0.5,2.0,0.0,0.0,60
1000.0,4,0.5,5.0,0.0,0.0,60
1000.0,4,0.5,10.0,0.0,0.0,60
1000.0,4,0.5,20.0,0.0,0.0,60
1000.0,4,0.5,50.0,0.0,0.0,60
1000.0,4,0.5,100.0,0.0,0.0,60
1000.0,4,0.9,0.02,0.0,0.0,60
1000.0,4,0.9,0.05,0.0,0.0,60
1000.0,4,0.9,0.1,0.0,0.0,60
1000.0,4,0.9,0.2,0.0,0.0,60
1000.0,4,0.9,0.5,0.0,0.0,60
1000.0,4,0.9,1.0,0.0,0.0,60
1000.0,4,0.9,2.0,0.0,0.0,60
1000.0,4,0.9,5.0,0.0,0.0,60
1000.0,4,0.9,10.0,0.0,0.0,60
1000.0,4,0.9,20.0,0.0,0.0,60
1000.0,4,0.9,50.0,0.0,0.0,60
1000.0,4,0.9,100.0,0.0,0.0,60
1000.0,4,0.95,0.02,0.0,0.0,60
1000.0,4,0.95,0.05,0.0,0.0,60
1000.0,4,0.95,0.1,0.0,0.0,60
1000.0,4,0.95,0.2,0.0,0.0,60
1000.0,4,0.95,0.5,0.0,0.0,60
1000.0,4,0.95,1.0,0.0,0.0,60
1000.0,4,0.95,2.0,0.0,0.0,60
1000.0,4,0.95,5.0,0.0,0.0,60
1000.0,4,0.95,10.0,0.0,0.0,60
1000.0,4,0.95,20.0,0.0,0.0,60
1000.0,4,0.95,50.0,0.0,0.0,60
1000.0,4,0.95,100.0,0.0,0.0,60
1000.0,2,0.0,0.02,0.0,0.016666666666666666,60
1000.0,2,0.0,0.05,0.0,0.016666666666666666,60
1000.0,2,0.0,0.1,0.0,0.016666666666666666,60
1000.0,2,0.0,0.2,0.0,0.016666666666666666,60
1000.0,2,0.0,0.5,0.0,0.016666666666666666,60
1000.0,2,0.0,1.0,0.0,0.016666666666666666,60
1000.0,2,0.0,2.0,0.0,0.016666666666666666,60
1000.0,2,0.0,5.0,0.0,0.016666666666666666,60
1000.0,2,0.0,10.0,0.0,0.016666666666666666,60
1000.0,2,0.0,20.0,0.0,0.016666666666666666,60
1000.0,2,0.0,50.0,0.0,0.016666666666666666,60
1000.0,2,0.0,100.0,0.0,0.016666666666666666,60
1000.0,2,0.5,0.02,0.0,0.0,60
1000.0,2,0.5,0.05,0.0,0.0,60
1000.0,2,0.5,0.1,0.0,0.0,60
1000.0,2,0.5,0.2,0.0,0.0,60
1000.0,2,0.5,0.5,0.0,0.0,60
1000.0,2,0.5,1.0,0.0,0.0,60
1000.0,2,0.5,2.0,0.0,0.0,60
1000.0,2,0.5,5.0,0.0,0.0,60
1000.0,2,0.5,10.0,0.0,0.0,60
1000.0,2,0.5,20.0,0.0,0.0,60
1000.0,2,0.5,50.0,0.0,0.0,60
1000.0,2,0.5,100.0,0.0,0.0,60
1000.0,2,0.9,0.02,0.0,0.0,60
1000.0,2,0.9,0.05,0.0,0.0,60
1000.0,2,0.9,0.1,0.0,0.0,60
1000.0,2,0.9,0.2,0.0,0.0,60
1000.0,2,0.9,0.5,0.0,0.0,60
1000.0,2,0.9,1.0,0.0,0.0,60
1000.0,2,0.9,2.0,0.0,0.0,60
1000.0,2,0.9,5.0,0.0,0.0,60
1000.0,2,0.9,10.0,0.0,0.0,60
1000.0,2,0.9,20.0,0.0,0.0,60
1000.0,2,0.9,50.0,0.0,0.0,60
1000.0,2,0.9,100.0,0.0,0.0,60
1000.0,2,0.95,0.02,0.0,0.0,60
1000.0,2,0.95,0.05,0.0,0.0,60
1000.0,2,0.95,0.1,0.0,0.0,60
1000.0,2,0.95,0.2,0.0,0.0,60
1000.0,2,0.95,0.5,0.0,0.0,60
1000.0,2,0.95,1.0,0.0,0.0,60
1000.0,2,0.95,2.0,0.0,0.0,60
1000.0,2,0.95,5.0,0.0,0.0,60
1000.0,2,0.95,10.0,0.0,0.0,60
1000.0,2,0.95,20.0,0.0,0.0,60
1000.0,2,0.95,50.0,0.0,0.0,60
1000.0,2,0.95,100.0,0.0,0.0,60
1000.0,1,0.0,0.02,0.016666666666666666,0.016666666666666666,60
1000.0,1,0.0,0.05,0.016666666666666666,0.016666666666666666,60
1000.0,1,0.0,0.1,0.016666666666666666,0.016666666666666666,60
1000.0,1,0.0,0.2,0.016666666666666666,0.016666666666666666,60
1000.0,1,0.0,0.5,0.016666666666666666,0.016666666666666666,60
1000.0,1,0.0,1.0,0.016666666666666666,0.016666666666666666,60
1000.0,1,0.0,2.0,0.016666666666666666,0.016666666666666666,60
1000.0,1,0.0,5.0,0.016666666666666666,0.016666666666666666,60
1000.0,1,0.0,10.0,0.016666666666666666,0.016666666666666666,60
1000.0,1,0.0,20.0,0.016666666666666666,0.016666666666666666,60
1000.0,1,0.0,50.0,0.03333333333333333,0.016666666666666666,60
1000.0,1,0.0,100.0,0.03333333333333333,0.016666666666666666,60
1000.0,1,0.5,0.02,0.0,0.0,60
1000.0,1,0.5,0.05,0.0,0.0,60
1000.0,1,0.5,0.1,0.0,0.0,60
1000.0,1,0.5,0.2,0.0,0.0,60
1000.0,1,0.5,0.5,0.0,0.0,60
1000.0,1,0.5,1.0,0.0,0.0,60
1000.0,1,0.5,2.0,0.0,0.0,60
1000.0,1,0.5,5.0,0.0,0.0,60
1000.0,1,0.5,10.0,0.0,0.0,60
1000.0,1,0.5,20.0,0.0,0.0,60
1000.0,1,0.5,50.0,0.0,0.0,60
1000.0,1,0.5,100.0,0.0,0.0,60
1000.0,1,0.9,0.02,0.0,0.0,60
1000.0,1,0.9,0.05,0.0,0.0,60
1000.0,1,0.9,0.1,0.0,0.0,60
1000.0,1,0.9,0.2,0.0,0.0,60
1000.0,1,0.9,0.5,0.0,0.0,60
1000.0,1,0.9,1.0,0.0,0.0,60
1000.0,1,0.9,2.0,0.0,0.0,60
1000.0,1,0.9,5.0,0.0,0.0,60
1000.0,1,0.9,10.0,0.0,0.0,60
1000.0,1,0.9,20.0,0.0,0.0,60
1000.0,1,0.9,50.0,0.0,0.0,60
1000.0,1,0.9,100.0,0.016666666666666666,0.0,60
1000.0,1,0.95,0.02,0.0,0.0,60
1000.0,1,0.95,0.05,0.0,0.0,60
1000.0,1,0.95,0.1,0.0,0.0,60
1000.0,1,0.95,0.2,0.0,0.0,60
1000.0,1,0.95,0.5,0.0,0.0,60
1000.0,1,0.95,1.0,0.0,0.0,60
1000.0,1,0.95,2.0,0.0,0.0,60
1000.0,1,0.95,5.0,0.0,0.0,60
1000.0,1,0.95,10.0,0.0,0.0,60
1000.0,1,0.95,20.0,0.0,0.0,60
1000.0,1,0.95,50.0,0.0,0.0,60
1000.0,1,0.95,100.0,0.0,0.0,60
